seed,arm,start_s,end_s,complete,tokens,decode_request_seconds,mean_active_decoders,per_active_tps,mean_context_tokens
20261011,A,0,5,True,25147,143.51346506213116,28.70269301242623,175.22397629458067,785.1821933510454
20261011,A,5,10,True,24217,149.07725046797935,29.81545009359587,162.44597967817782,1614.4992513231996
20261011,A,10,15,True,21531,142.0828275829628,28.416565516592563,151.53836931791037,2403.815621154929
20261011,A,15,20,True,19778,133.16341909191758,26.632683818383516,148.5242729187361,3160.1758598329243
20261011,A,20,25,True,17653,122.39418440599275,24.47883688119855,144.23070904613718,3894.8096743787173
20261011,A,25,30,True,15573,109.8773787660189,21.975475753203778,141.73071996158836,4636.973905662794
20261011,A,30,35,True,14217,102.34038687699102,20.468077375398202,138.91876348961097,5342.601836890713
20261011,A,35,40,True,12974,95.16789938482455,19.03357987696491,136.32748105049413,6035.584019356384
20261011,A,40,45,True,12038,90,18.0,133.75555555555556,6728.102967906657
20261011,A,45,50,True,11238,85.08339277296886,17.016678554593774,132.08218000881521,7362.67726852107
20261011,A,50,55,True,10935,82.67396021905449,16.5347920438109,132.26655613238336,8015.64829321286
20261011,A,55,60,True,5923,43.245942409940064,8.649188481988013,136.96082614767116,8379.836014447379
20261011,A,60,65,True,10768,80,16.0,134.6,8560.066164327722
20261011,A,65,70,True,10215,76.58157855997234,15.316315711994468,133.38716950056676,9190.237808529682
20261011,A,70,75,True,9461,70.31894918302075,14.06378983660415,134.5441038286229,9801.91663197957
20261011,A,75,80,True,8901,65,13.0,136.93846153846152,10447.016995553267
20261011,A,80,85,False,133,0.9604450829857996,0.1920890165971599,138.47746462143786,10844.383082055807
20261011,B,0,5,True,5657,132.56521596801934,26.51304319360387,42.673335978004374,461.32882271648094
20261011,B,5,10,True,6314,150,30.0,42.093333333333334,658.0126980263555
20261011,B,10,15,True,6609,150,30.0,44.06,873.6770696671819
20261011,B,15,20,True,6564,150,30.0,43.76,1094.3581103682075
20261011,B,20,25,True,6676,149.48288170794956,29.896576341589913,44.660632198964144,1313.6098767449917
20261011,B,25,30,True,6203,145,29.0,42.779310344827586,1533.2388791783756
20261011,B,30,35,True,6653,144.31433671702445,28.86286734340489,46.1007558316634,1756.9614922489288
20261011,B,35,40,True,6157,139.4785452200463,27.89570904400926,44.1429898074037,1990.5213795144505
20261011,B,40,45,True,6149,132.46022687004228,26.492045374008455,46.421481717926014,2210.7784220010967
20261011,B,45,50,True,5589,123.95170908703562,24.790341817407125,45.090140677895384,2422.0051080422577
20261011,B,50,55,True,5362,116.45809118802752,23.291618237605505,46.04231398008042,2643.701132149734
20261011,B,55,60,True,5190,115,23.0,45.130434782608695,2871.5517077149225
20261011,B,60,65,True,5277,115,23.0,45.88695652173913,3097.78959639643
20261011,B,65,70,True,5303,114.3010103639327,22.860202072786542,46.39504045603208,3323.5615200741913
20261011,B,70,75,True,5185,110,22.0,47.13636363636363,3536.7244926574153
20261011,B,75,80,True,4906,105.1738029848812,21.03476059697624,46.64659697344253,3758.8578311423303
20261011,B,80,85,True,4740,100,20.0,47.4,3986.8363043137565
20261011,B,85,90,True,4314,97.33357040808629,19.46671408161726,44.32180985360834,4217.858008979984
20261011,B,90,95,True,4185,90.30457379199751,18.060914758399502,46.34316761894579,4434.092684439731
20261011,B,95,100,True,4022,87.64243389594834,17.52848677918967,45.89101216398253,4649.009809431838
20261011,B,100,105,True,3899,85,17.0,45.870588235294115,4860.254160328133
20261011,B,105,110,True,3924,85,17.0,46.16470588235294,5088.99225424713
20261011,B,110,115,True,4149,85,17.0,48.811764705882354,5326.1659857318955
20261011,B,115,120,True,3915,85,17.0,46.05882352941177,5565.519901686919
20261011,B,120,125,True,3946,82.53976184091717,16.50795236818343,47.807261760765854,5797.087469277508
20261011,B,125,130,True,3862,80,16.0,48.275,6037.009863222205
20261011,B,130,135,True,3791,80,16.0,47.3875,6278.629389213158
20261011,B,135,140,True,3811,80,16.0,47.6375,6513.5908549026335
20261011,B,140,145,True,4071,80,16.0,50.8875,6757.8153926862215
20261011,B,145,150,True,3937,80,16.0,49.2125,7011.179278150043
20261011,B,150,155,True,3780,77.02714707909615,15.405429415819231,49.073607725838094,7228.097275798735
20261011,B,155,160,True,3545,70,14.0,50.642857142857146,7391.460750098207
20261011,B,160,165,True,3233,67.34411432017478,13.468822864034957,48.00716488198681,7607.2995645941455
20261011,B,165,170,True,2683,52.921874471938224,10.584374894387645,50.69737281174079,7730.6230668666685
20261011,B,170,175,False,354,7.574487584932683,1.5148975169865366,46.73583473873317,7850.155234750971
20261012,B,0,5,True,5823,132.66378729847074,26.532757459694146,43.892912441126455,460.96256377479466
20261012,B,5,10,True,6747,150,30.0,44.98,672.0515228245467
20261012,B,10,15,True,6593,150,30.0,43.95333333333333,893.9858390755772
20261012,B,15,20,True,7018,150,30.0,46.78666666666667,1122.1044209337615
20261012,B,20,25,True,6684,150,30.0,44.56,1348.5373187186017
20261012,B,25,30,True,7068,147.0124672519695,29.402493450393898,48.07755513609552,1583.6253730673252
20261012,B,30,35,True,6440,137.99751516791804,27.59950303358361,46.667506963177445,1813.3272689098503
20261012,B,35,40,True,6268,129.98632289598044,25.997264579196088,48.220457817057195,2058.3013177791454
20261012,B,40,45,True,5855,122.02498544598186,24.40499708919637,47.98197663044916,2301.048977908001
20261012,B,45,50,True,5929,115.00148549606837,23.000297099213675,51.555855773729974,2533.2339545402842
20261012,B,50,55,True,5477,114.94940281301365,22.98988056260273,47.647050493244826,2779.3880800360917
20261012,B,55,60,True,5209,107.92837918193918,21.585675836387836,48.263487689544384,3018.2809156383605
20261012,B,60,65,True,4870,101.557427954074,20.3114855908148,47.95316401870966,3244.6790983445558
20261012,B,65,70,True,4651,95.6147124019349,19.12294248038698,48.64314165845758,3471.6574564600755
20261012,B,70,75,True,4485,95,19.0,47.21052631578947,3709.964523051855
20261012,B,75,80,True,5099,95,19.0,53.67368421052632,3965.605359078379
20261012,B,80,85,True,4619,95,19.0,48.62105263157895,4217.835448176056
20261012,B,85,90,True,4605,95,19.0,48.473684210526315,4461.485924056909
20261012,B,90,95,True,4482,95,19.0,47.17894736842105,4701.495556815498
20261012,B,95,100,True,4488,91.57338120008912,18.314676240017825,49.00987537190155,4909.142605071314
20261012,B,100,105,True,3995,85,17.0,47.0,5125.660442721014
20261012,B,105,110,True,4035,85,17.0,47.470588235294116,5359.536678988762
20261012,B,110,115,True,4302,85,17.0,50.61176470588235,5605.581898341439
20261012,B,115,120,True,4378,85,17.0,51.50588235294118,5862.025679332962
20261012,B,120,125,True,4332,81.17760374703538,16.235520749407076,53.36447246582104,6122.451179339912
20261012,B,125,130,True,4170,80,16.0,52.125,6384.637306583018
20261012,B,130,135,True,4093,80,16.0,51.1625,6642.268029625915
20261012,B,135,140,True,3954,76.63701326500345,15.32740265300069,51.5938687005905,6827.111221856505
20261012,B,140,145,True,3341,70.43450270594843,14.086900541189687,47.43413911713245,6988.261081048143
20261012,B,145,150,True,3297,70,14.0,47.1,7225.111828644997
20261012,B,150,155,True,3500,70,14.0,50.0,7466.282670424057
20261012,B,155,160,True,3321,66.04008454802911,13.208016909605822,50.28764004056853,7667.149048378597
20261012,B,160,165,True,3018,56.83025921495167,11.366051842990334,53.10551177647953,7858.421746574247
20261012,B,165,170,True,2280,45.13176315800101,9.0263526316002,50.51874423824275,7986.811403370605
20261012,B,170,175,True,1725,33.61281216890643,6.722562433781286,51.319716759543056,8092.535341102414
20261012,B,175,180,True,1112,23.599094749973148,4.71981894999463,47.12045151652545,8149.636615116927
20261012,B,180,185,True,915,18.38022795591877,3.6760455911837537,49.78175473092287,8301.850380311615
20261012,B,185,190,True,802,13.830750479024829,2.766150095804966,57.98673045372929,8493.587419459842
20261012,B,190,195,True,3627,70,14.0,51.81428571428572,8718.919355426428
20261012,B,195,200,True,3800,70,14.0,54.285714285714285,8983.701639165674
20261012,B,200,205,True,3593,70,14.0,51.32857142857143,9248.892445972622
20261012,B,205,210,False,3396,64.33511767200102,12.867023534400204,52.78610070030162,9504.820939727471
20261012,A,0,5,True,25180,143.54182159152813,28.708364318305627,175.41925914562958,784.8554825323315
20261012,A,5,10,True,23996,147.58175366896484,29.51635073379297,162.59462571385714,1615.8397541352415
20261012,A,10,15,True,21365,138.93577416504456,27.787154833008913,153.776089192263,2409.7255243561262
20261012,A,15,20,True,19550,131.16335544797965,26.232671089595932,149.05077666874476,3175.219713435908
20261012,A,20,25,True,17643,122.58308622496203,24.516617244992407,143.92687069096888,3911.079472815729
20261012,A,25,30,True,15648,110.57803203895222,22.115606407790445,141.5109286308137,4631.880153472507
20261012,A,30,35,True,14407,105,21.0,137.2095238095238,5346.929332132815
20261012,A,35,40,True,13771,105,21.0,131.15238095238095,6017.396988167392
20261012,A,40,45,True,12834,99.1675019339472,19.83350038678944,129.41739732990735,6662.699729953178
20261012,A,45,50,True,11752,91.1646332579283,18.23292665158566,128.90963940753818,7295.195411957928
20261012,A,50,55,True,10966,82.58589551694784,16.51717910338957,132.78296410492533,7948.061996792633
20261012,A,55,60,False,4583,33.367681558980614,6.673536311796123,137.34846971309958,8449.27819056719
20261013,A,0,5,True,25121,143.04250770373267,28.608501540746534,175.61912471522248,784.8282055868684
20261013,A,5,10,True,23950,147.373361764065,29.474672352813002,162.5124087102143,1613.8496180648376
20261013,A,10,15,True,21321,138.74962296607998,27.749924593215997,153.6652824290004,2407.9901374586702
20261013,A,15,20,True,19497,130.75065053496974,26.15013010699395,149.11589288640255,3172.681023151655
20261013,A,20,25,True,17341,119.08344705791585,23.81668941158317,145.62057471821637,3913.3235117131785
20261013,A,25,30,True,15898,113.37731032900325,22.67546206580065,140.2220598977563,4638.671912905548
20261013,A,30,35,True,14480,105.69653625894709,21.13930725178942,136.99597463180146,5338.8300689052785
20261013,A,35,40,True,13166,97.37549471497164,19.47509894299433,135.20855568989174,6013.259489438758
20261013,A,40,45,True,11964,88.75301779108682,17.750603558217364,134.80105012498524,6673.531545502144
20261013,A,45,50,True,11325,80.75328048588335,16.15065609717667,140.24198065835537,7365.5209182214385
20261013,A,50,55,True,10613,75,15.0,141.50666666666666,8081.740803708622
20261013,A,55,60,True,9375,66.17566691245324,13.235133382490648,141.66838714904995,8778.506677527226
20261013,A,60,65,True,9376,66.62421773004812,13.324843546009623,140.7296073327303,9453.894139676673
20261013,A,65,70,True,8996,65,13.0,138.4,10160.234021084083
20261013,A,70,75,False,819,5.942516568030243,1.1885033136060486,137.82039824778693,10536.083795468428
20261013,B,0,5,True,6008,136.9261138998121,27.38522277996242,43.87767847114987,465.8437636956112
20261013,B,5,10,True,6636,150,30.0,44.24,676.0398440959929
20261013,B,10,15,True,6759,150,30.0,45.06,903.2653561886905
20261013,B,15,20,True,6623,148.03811020200047,29.607622040400095,44.73847978039443,1125.1614223012903
20261013,B,20,25,True,6273,140.06664122792705,28.01332824558541,44.78582441191046,1354.3928759480475
20261013,B,25,30,True,6501,135,27.0,48.15555555555556,1585.852595528807
20261013,B,30,35,True,6257,135,27.0,46.34814814814815,1826.2311376383577
20261013,B,35,40,True,6539,132.10262565602736,26.420525131205473,49.49939463751794,2058.847965517017
20261013,B,40,45,True,5590,126.96624908298162,25.393249816596324,44.02744855718728,2294.369796700604
20261013,B,45,50,True,5624,117.98664770309347,23.597329540618695,47.66641064463895,2501.1724249528147
20261013,B,50,55,True,5009,109.91974949586856,21.983949899173712,45.569608946281924,2741.47673571068
20261013,B,55,60,True,5046,105,21.0,48.05714285714286,2966.893167026958
20261013,B,60,65,True,4782,104.28852720498573,20.857705440997144,45.85355770343439,3202.391523458267
20261013,B,65,70,True,4789,100,20.0,47.89,3428.138678207391
20261013,B,70,75,True,4909,100,20.0,49.09,3671.962741223444
20261013,B,75,80,True,4827,100,20.0,48.27,3915.9355040288156
20261013,B,80,85,True,4735,100,20.0,47.35,4155.267602802423
20261013,B,85,90,True,4740,97.4090561319897,19.48181122639794,48.66077332252639,4374.84855572254
20261013,B,90,95,True,4573,90.4163406160213,18.08326812320426,50.57714091107209,4579.684082890182
20261013,B,95,100,True,4393,90,18.0,48.81111111111111,4822.57591936846
20261013,B,100,105,True,4401,90,18.0,48.9,5069.903730757032
20261013,B,105,110,True,4466,90,18.0,49.62222222222222,5316.169369581641
20261013,B,110,115,True,4213,88.31782617400494,17.663565234800988,47.702713965122875,5558.857740639413
20261013,B,115,120,True,3943,85,17.0,46.38823529411765,5799.3445211457865
20261013,B,120,125,True,3838,85,17.0,45.15294117647059,6023.00855251033
20261013,B,125,130,True,3918,85,17.0,46.09411764705882,6252.9249143491925
20261013,B,130,135,True,4397,85,17.0,51.72941176470588,6498.190995363224
20261013,B,135,140,True,4443,85,17.0,52.27058823529412,6762.478091207167
20261013,B,140,145,True,3953,83.52231022496801,16.7044620449936,47.32867169685037,7007.463749732674
20261013,B,145,150,True,3670,75,15.0,48.93333333333333,7170.32000676331
20261013,B,150,155,True,3367,71.13887499301134,14.227774998602268,47.3299584837513,7379.820028316083
20261013,B,155,160,True,3309,66.13272902697884,13.226545805395768,50.035739469485584,7559.065277996522
20261013,B,160,165,True,2748,56.43384998705238,11.286769997410477,48.694179125302874,7656.932878676821
20261013,B,165,170,True,2395,45.49156182294524,9.098312364589049,52.647126280724855,7834.253515972633
20261013,B,170,175,True,1894,37.73154649509118,7.546309299018236,50.19672332398055,7920.940145050759
20261013,B,175,180,True,1499,30.822668512919904,6.164533702583981,48.63303770637724,8032.332187434638
20261013,B,180,185,True,1532,28.876439379022457,5.775287875804492,53.05363240569524,8247.964174230958
20261013,B,185,190,True,994,18.624705534089344,3.7249411068178686,53.36997130938004,8372.008008923556
20261013,B,190,195,False,50,0.9198378169564592,0.18396756339129183,54.35740853255957,8489.181024648342
