seed,attempt_id,verified_correct,time_s
20261011,20261004T005518.974361Z,1,10.633738717995584
20261011,20261004T005518.974361Z,2,13.631777903006878
20261011,20261004T005518.974361Z,4,22.63504651800031
20261011,20261004T005518.974361Z,6,28.633665130997542
20261011,20261004T005518.974361Z,8,34.63451072800672
20261011,20261004T005518.974361Z,10,40.635316789965145
20261011,20261004T005518.974361Z,12,46.63728326797718
20261011,20261004T005518.974361Z,14,52.636785558017436
20261011,20261004T005518.974361Z,16,62.32035900396295
20261011,20261004T005518.974361Z,18,71.32121138199
20261012,20261004T005632.979246Z,1,9.897672296967357
20261012,20261004T005632.979246Z,2,15.899385806987993
20261012,20261004T005632.979246Z,4,21.897932284977287
20261012,20261004T005632.979246Z,6,27.899561972997617
20261012,20261004T005632.979246Z,8,33.89926060900325
20261012,20261004T005632.979246Z,10,39.901147192984354
20261012,20261004T005632.979246Z,12,45.90053085295949
20261012,20261004T005632.979246Z,14,51.9011447840021
20261012,20261004T005632.979246Z,16,57.90251659200294
20261012,20261004T005632.979246Z,18,77.27695375698386
20261013,20261004T005752.973818Z,1,7.362333013967145
20261013,20261004T005752.973818Z,2,10.362608236959204
20261013,20261004T005752.973818Z,4,16.3655939809978
20261013,20261004T005752.973818Z,6,22.36397082696203
20261013,20261004T005752.973818Z,8,28.36454188794596
20261013,20261004T005752.973818Z,10,34.36491122096777
20261013,20261004T005752.973818Z,12,40.36551196896471
20261013,20261004T005752.973818Z,14,46.36622944800183
20261013,20261004T005752.973818Z,16,52.36660705099348
20261013,20261004T005752.973818Z,18,82.49167418194702
20261014,20261004T005918.176012Z,1,9.03536185901612
20261014,20261004T005918.176012Z,2,12.03682260401547
20261014,20261004T005918.176012Z,4,18.03832352696918
20261014,20261004T005918.176012Z,6,24.037080942012835
20261014,20261004T005918.176012Z,8,30.04001438897103
20261014,20261004T005918.176012Z,10,36.03842141199857
20261014,20261004T005918.176012Z,12,42.03904186299769
20261014,20261004T005918.176012Z,14,48.03979720600182
20261014,20261004T005918.176012Z,16,70.60687755601248
20261014,20261004T005918.176012Z,18,81.10196408699267
20261015,20261004T010042.153214Z,1,7.458185621013399
20261015,20261004T010042.153214Z,2,10.458231702970807
20261015,20261004T010042.153214Z,4,16.459135487966705
20261015,20261004T010042.153214Z,6,22.459719820995815
20261015,20261004T010042.153214Z,8,28.460453203995712
20261015,20261004T010042.153214Z,10,34.46097557299072
20261015,20261004T010042.153214Z,12,40.46111372997984
20261015,20261004T010042.153214Z,14,49.08599186199717
20261015,20261004T010042.153214Z,16,56.781997056968976
20261015,20261004T010042.153214Z,18,62.78271700296318
