verified_correct,median_s,min_s,max_s
1,9.03536185901612,7.362333013967145,10.633738717995584
2,12.03682260401547,10.362608236959204,15.899385806987993
4,18.03832352696918,16.3655939809978,22.63504651800031
6,24.037080942012835,22.36397082696203,28.633665130997542
8,30.04001438897103,28.36454188794596,34.63451072800672
10,36.03842141199857,34.36491122096777,40.635316789965145
12,42.03904186299769,40.36551196896471,46.63728326797718
14,49.08599186199717,46.36622944800183,52.636785558017436
16,57.90251659200294,52.36660705099348,70.60687755601248
18,77.27695375698386,62.78271700296318,82.49167418194702
