policy,generation_slots,n_correct,time_s,problem_idx,sample_number,answer,kind,queue_s
final,120,1,56.061,6,1,504,final,0.0
final,120,2,71.216,1,1,70,final,0.0
final,120,3,92.093,16,1,468,final,0.0
final,120,4,98.168,8,1,77,final,0.0
final,120,5,118.607,19,1,106,final,0.0
final,120,6,141.912,5,1,279,final,0.0
final,120,7,144.912,17,1,49,final,0.5870000000000175
final,120,8,162.817,29,1,104,final,0.0
final,120,9,167.854,24,1,149,final,0.0
final,120,10,173.458,4,1,117,final,0.0
final,120,11,192.931,3,1,16,final,0.0
final,120,12,199.638,27,3,19,final,0.0
final,120,13,208.664,22,2,237,final,0.0
final,120,14,233.635,26,1,113,final,0.0
final,120,15,259.557,2,4,588,final,0.0
final,120,16,275.534,21,2,293,final,0.0
final,120,17,305.552,12,4,510,final,0.0
final,120,18,315.952,25,3,907,final,1.6779999999999973
markers,120,1,44.100848017621146,6,1,504,answer_line,0.0
markers,120,2,63.23993441342962,1,1,70,boxed,0.0
markers,120,3,73.2067195367573,16,1,468,answer_line,0.0
markers,120,4,79.89755969593084,8,1,77,boxed,0.0
markers,120,5,94.79006188466948,17,3,49,answer_line,0.0
markers,120,6,98.86298452133194,19,1,106,boxed,0.0
markers,120,7,123.48646832510828,5,1,279,boxed,0.0
markers,120,8,133.1171237121212,3,1,16,boxed,0.0
markers,120,9,136.1171237121212,29,1,104,boxed,0.7309860711845317
markers,120,10,143.39875424452242,24,1,149,boxed,0.0
markers,120,11,157.11057774453585,4,1,117,boxed,0.0
markers,120,12,163.14823867069487,27,3,19,boxed,0.0
markers,120,13,187.6450173508252,22,2,237,boxed,0.0
markers,120,14,218.27743655154367,26,1,113,boxed,0.0
markers,120,15,234.46877915838303,21,2,293,boxed,0.0
markers,120,16,237.57312495412845,2,4,588,boxed,0.0
markers,120,17,275.3619064318164,12,4,510,boxed,0.0
markers,120,18,295.10961060204465,25,3,907,boxed,0.0
markers,120,19,376.5313941040039,9,4,62,boxed,0.0
permissive,120,1,18.592609018153425,1,1,70,prose,0.0
permissive,120,2,28.994298339431463,6,2,504,prose,0.0
permissive,120,3,31.994298339431463,8,1,77,target_equation,0.893566784803351
permissive,120,4,34.99429833943147,17,1,49,prose,0.425400216107068
permissive,120,5,44.22366022727273,3,1,16,target_equation,0.0
permissive,120,6,54.54050356816103,16,4,468,prose,0.0
permissive,120,7,59.17946826222685,19,1,106,target_equation,0.0
permissive,120,8,86.04463568244334,24,1,149,prose,0.0
permissive,120,9,89.04463568244334,5,1,279,target_equation,1.122101691104831
permissive,120,10,92.04463568244334,4,3,117,prose,2.0263900540559803
permissive,120,11,95.04463568244334,22,4,237,target_equation,3.991813006921518
permissive,120,12,101.95877039274924,27,3,19,target_equation,0.0
permissive,120,13,105.48802237640936,29,1,104,target_equation,0.0
permissive,120,14,116.50029907226562,2,1,588,prose,0.0
permissive,120,15,121.67543621906917,25,4,907,target_equation,0.0
permissive,120,16,163.43977138932496,26,1,113,prose,0.0
permissive,120,17,167.25271435546875,12,1,510,target_equation,0.0
permissive,120,18,177.10389396951624,21,2,293,target_equation,0.0
permissive,120,19,235.47579919433593,9,1,62,target_equation,0.0
permissive,120,20,274.9721165771484,18,3,82,prose,0.0
permissive,120,21,302.1198203125,20,2,336,prose,0.0
permissive,120,22,305.1198203125,23,2,610,prose,2.1720255126953134
final,30,1,56.061,6,1,504,final,0.0
final,30,2,71.216,1,1,70,final,0.0
final,30,3,92.093,16,1,468,final,0.0
final,30,4,98.168,8,1,77,final,0.0
final,30,5,118.607,19,1,106,final,0.0
final,30,6,141.912,5,1,279,final,0.0
final,30,7,144.912,17,1,49,final,0.5870000000000175
final,30,8,162.817,29,1,104,final,0.0
final,30,9,167.854,24,1,149,final,0.0
final,30,10,173.458,4,1,117,final,0.0
final,30,11,192.931,3,1,16,final,0.0
final,30,12,233.635,26,1,113,final,0.0
final,30,13,433.761,2,2,588,final,0.0
final,30,14,439.299,22,2,237,final,0.0
final,30,15,447.931,27,2,19,final,0.0
final,30,16,484.647,21,2,293,final,0.0
final,30,17,750.573,25,3,907,final,0.0
final,30,18,835.189,12,4,510,final,0.0
markers,30,1,44.100848017621146,6,1,504,answer_line,0.0
markers,30,2,63.23993441342962,1,1,70,boxed,0.0
markers,30,3,73.2067195367573,16,1,468,answer_line,0.0
markers,30,4,79.89755969593084,8,1,77,boxed,0.0
markers,30,5,98.86298452133194,19,1,106,boxed,0.0
markers,30,6,112.69547989276138,17,1,49,answer_line,0.0
markers,30,7,123.48646832510828,5,1,279,boxed,0.0
markers,30,8,133.1171237121212,3,1,16,boxed,0.0
markers,30,9,136.1171237121212,29,1,104,boxed,0.7309860711845317
markers,30,10,143.39875424452242,24,1,149,boxed,0.0
markers,30,11,157.11057774453585,4,1,117,boxed,0.0
markers,30,12,218.27743655154367,26,1,113,boxed,0.0
markers,30,13,388.30695030798285,2,2,588,boxed,0.0
markers,30,14,405.9224539023689,22,2,237,boxed,0.0
markers,30,15,409.13940353614146,27,2,19,boxed,0.0
markers,30,16,443.58177915838303,21,2,293,boxed,0.0
markers,30,17,701.0320645044135,25,3,907,boxed,0.0
markers,30,18,787.1343747569247,12,4,510,boxed,0.0
markers,30,19,820.1131732623869,9,4,62,boxed,0.0
permissive,30,1,18.592609018153425,1,1,70,prose,0.0
permissive,30,2,31.100731554628112,8,1,77,target_equation,0.0
permissive,30,3,34.10073155462811,6,1,504,prose,1.5444819217353043
permissive,30,4,37.10073155462811,17,1,49,prose,2.531833431303717
permissive,30,5,44.22366022727273,3,1,16,target_equation,0.0
permissive,30,6,59.17946826222685,19,1,106,target_equation,0.0
permissive,30,7,68.26533215332032,16,1,468,prose,0.7110385984361187
permissive,30,8,86.04463568244334,24,1,149,prose,0.0
permissive,30,9,89.04463568244334,5,1,279,target_equation,1.122101691104831
permissive,30,10,93.39246222887061,4,1,117,prose,0.0
permissive,30,11,105.48802237640936,29,1,104,target_equation,0.0
permissive,30,12,116.50029907226562,2,1,588,prose,0.0
permissive,30,13,163.43977138932496,26,1,113,prose,0.0
permissive,30,14,169.43977138932496,12,1,510,target_equation,2.187057033856206
permissive,30,15,204.7361376953125,27,1,19,target_equation,0.0
permissive,30,16,211.6269787167853,22,2,237,target_equation,0.0
permissive,30,17,215.8184642944336,25,1,907,prose,0.0
permissive,30,18,235.47579919433593,9,1,62,target_equation,0.0
permissive,30,19,293.60419304178185,21,2,293,target_equation,0.0
permissive,30,20,407.6078426889094,20,2,336,prose,0.0
permissive,30,21,466.38756618912964,23,2,610,prose,0.0
permissive,30,22,510.44791577148436,18,3,82,prose,0.0
final,8,1,56.061,6,1,504,final,0.0
final,8,2,71.216,1,1,70,final,0.0
final,8,3,98.168,8,1,77,final,0.0
final,8,4,141.912,5,1,279,final,0.0
final,8,5,173.458,4,1,117,final,0.0
final,8,6,192.931,3,1,16,final,0.0
final,8,7,327.484,16,1,468,final,0.0
final,8,8,433.128,17,1,49,final,0.0
final,8,9,443.091,19,1,106,final,0.0
final,8,10,605.594,24,1,149,final,0.0
final,8,11,719.251,26,1,113,final,0.0
final,8,12,765.4110000000001,29,1,104,final,0.0
final,8,13,1031.8220000000001,2,2,588,final,0.0
final,8,14,1359.361,22,2,237,final,0.0
final,8,15,1380.0970000000002,21,2,293,final,0.0
final,8,16,1449.766,27,2,19,final,0.0
final,8,17,2182.094,25,3,907,final,0.0
final,8,18,2539.152,12,4,510,final,0.0
markers,8,1,44.100848017621146,6,1,504,answer_line,0.0
markers,8,2,63.23993441342962,1,1,70,boxed,0.0
markers,8,3,79.89755969593084,8,1,77,boxed,0.0
markers,8,4,123.48646832510828,5,1,279,boxed,0.0
markers,8,5,133.1171237121212,3,1,16,boxed,0.0
markers,8,6,157.11057774453585,4,1,117,boxed,0.0
markers,8,7,308.59771953675727,16,1,468,answer_line,0.0
markers,8,8,392.5383279103825,17,1,49,answer_line,0.0
markers,8,9,407.4607040580892,19,1,106,boxed,0.0
markers,8,10,548.3183319890583,24,1,149,boxed,0.0
markers,8,11,703.8934365515437,26,1,113,boxed,0.0
markers,8,12,715.2726973368675,29,1,104,boxed,0.0
markers,8,13,954.0031396066743,2,2,588,boxed,0.0
markers,8,14,1291.2037146876926,22,2,237,boxed,0.0
markers,8,15,1326.6742157099268,21,2,293,boxed,0.0
markers,8,16,1395.5488718612498,27,2,19,boxed,0.0
markers,8,17,2130.299314660134,25,3,907,boxed,0.0
markers,8,18,2456.2461087916968,9,4,62,boxed,0.0
markers,8,19,2459.2461087916968,12,4,510,boxed,1.501330498630523
permissive,8,1,18.592609018153425,1,1,70,prose,0.0
permissive,8,2,31.100731554628112,8,1,77,target_equation,0.0
permissive,8,3,34.10073155462811,6,1,504,prose,1.5444819217353043
permissive,8,4,44.22366022727273,3,1,16,target_equation,0.0
permissive,8,5,87.92253399133851,5,1,279,target_equation,0.0
permissive,8,6,93.39246222887061,4,1,117,prose,0.0
permissive,8,7,116.50029907226562,2,1,588,prose,0.0
permissive,8,8,211.47637458274147,12,1,510,target_equation,0.0
permissive,8,9,254.06840821248937,9,1,62,target_equation,0.0
permissive,8,10,269.9438981233244,17,1,49,prose,0.0
permissive,8,11,279.03066813762564,16,1,468,prose,0.0
permissive,8,12,325.97619981685494,19,1,106,target_equation,0.0
permissive,8,13,420.91816967378185,24,1,149,prose,0.0
permissive,8,14,530.1810704615906,26,1,113,prose,0.0
permissive,8,15,557.0199265233042,25,1,907,prose,0.0
permissive,8,16,625.6543073690943,27,1,19,target_equation,0.0
permissive,8,17,628.6543073690943,29,1,104,target_equation,0.8303868693606091
permissive,8,18,1016.0253477821453,22,2,237,target_equation,0.0
permissive,8,19,1041.4138907740905,20,2,336,prose,0.0
permissive,8,20,1095.7626255241446,21,2,293,target_equation,0.0
permissive,8,21,1248.253721323109,23,2,610,prose,0.0
permissive,8,22,1600.9494643592939,18,3,82,prose,0.0
