problem_idx,final_pass4,permissive_recoverable,final_120_verified_s,markers_120_verified_s,permissive_120_verified_s,final_30_verified_s,markers_30_verified_s,permissive_30_verified_s,final_8_verified_s,markers_8_verified_s,permissive_8_verified_s
1,True,True,71.216,63.23993441342962,18.592609018153425,71.216,63.23993441342962,18.592609018153425,71.216,63.23993441342962,18.592609018153425
2,True,True,259.557,237.57312495412845,116.50029907226562,433.761,388.30695030798285,116.50029907226562,1031.8220000000001,954.0031396066743,116.50029907226562
3,True,True,192.931,133.1171237121212,44.22366022727273,192.931,133.1171237121212,44.22366022727273,192.931,133.1171237121212,44.22366022727273
4,True,True,173.458,157.11057774453585,92.04463568244334,173.458,157.11057774453585,93.39246222887061,173.458,157.11057774453585,93.39246222887061
5,True,True,141.912,123.48646832510828,89.04463568244334,141.912,123.48646832510828,89.04463568244334,141.912,123.48646832510828,87.92253399133851
6,True,True,56.061,44.100848017621146,28.994298339431463,56.061,44.100848017621146,34.10073155462811,56.061,44.100848017621146,34.10073155462811
7,False,False,,,,,,,,,
8,True,True,98.168,79.89755969593084,31.994298339431463,98.168,79.89755969593084,31.100731554628112,98.168,79.89755969593084,31.100731554628112
9,False,True,,376.5313941040039,235.47579919433593,,820.1131732623869,235.47579919433593,,2456.2461087916968,254.06840821248937
10,False,False,,,,,,,,,
11,False,False,,,,,,,,,
12,True,True,305.552,275.3619064318164,167.25271435546875,835.189,787.1343747569247,169.43977138932496,2539.152,2459.2461087916968,211.47637458274147
13,False,False,,,,,,,,,
14,False,False,,,,,,,,,
15,False,False,,,,,,,,,
16,True,True,92.093,73.2067195367573,54.54050356816103,92.093,73.2067195367573,68.26533215332032,327.484,308.59771953675727,279.03066813762564
17,True,True,144.912,94.79006188466948,34.99429833943147,144.912,112.69547989276138,37.10073155462811,433.128,392.5383279103825,269.9438981233244
18,False,True,,,274.9721165771484,,,510.44791577148436,,,1600.9494643592939
19,True,True,118.607,98.86298452133194,59.17946826222685,118.607,98.86298452133194,59.17946826222685,443.091,407.4607040580892,325.97619981685494
20,False,True,,,302.1198203125,,,407.6078426889094,,,1041.4138907740905
21,True,True,275.534,234.46877915838303,177.10389396951624,484.647,443.58177915838303,293.60419304178185,1380.0970000000002,1326.6742157099268,1095.7626255241446
22,True,True,208.664,187.6450173508252,95.04463568244334,439.299,405.9224539023689,211.6269787167853,1359.361,1291.2037146876926,1016.0253477821453
23,False,True,,,305.1198203125,,,466.38756618912964,,,1248.253721323109
24,True,True,167.854,143.39875424452242,86.04463568244334,167.854,143.39875424452242,86.04463568244334,605.594,548.3183319890583,420.91816967378185
25,True,True,315.952,295.10961060204465,121.67543621906917,750.573,701.0320645044135,215.8184642944336,2182.094,2130.299314660134,557.0199265233042
26,True,True,233.635,218.27743655154367,163.43977138932496,233.635,218.27743655154367,163.43977138932496,719.251,703.8934365515437,530.1810704615906
27,True,True,199.638,163.14823867069487,101.95877039274924,447.931,409.13940353614146,204.7361376953125,1449.766,1395.5488718612498,625.6543073690943
28,False,False,,,,,,,,,
29,True,True,162.817,136.1171237121212,105.48802237640936,162.817,136.1171237121212,105.48802237640936,765.4110000000001,715.2726973368675,628.6543073690943
30,False,False,,,,,,,,,
