problem_idx,correct_out_of_4,samples,pass4,vote_answer,vote_correct,vote_tied,no_answer,token_capped,answer_counts
1,4,4,True,70,True,False,0,0,{'70': 4}
2,0,4,False,,False,False,4,4,{}
3,4,4,True,16,True,False,0,0,{'16': 4}
4,4,4,True,117,True,False,0,0,{'117': 4}
5,4,4,True,279,True,False,0,0,{'279': 4}
6,4,4,True,504,True,False,0,0,{'504': 4}
7,0,4,False,,False,False,4,4,{}
8,4,4,True,77,True,False,0,0,{'77': 4}
9,1,4,True,62,True,False,3,3,{'62': 1}
10,0,4,False,,False,False,4,4,{}
11,0,4,False,,False,False,4,4,{}
12,0,4,False,,False,False,4,4,{}
13,0,4,False,,False,False,4,4,{}
14,0,4,False,,False,False,4,4,{}
15,0,4,False,,False,False,4,4,{}
16,4,4,True,468,True,False,0,0,{'468': 4}
17,4,4,True,49,True,False,0,0,{'49': 4}
18,1,4,True,82,True,False,3,3,{'82': 1}
19,4,4,True,106,True,False,0,0,{'106': 4}
20,0,4,False,,False,False,4,4,{}
21,4,4,True,293,True,False,0,0,{'293': 4}
22,4,4,True,237,True,False,0,0,{'237': 4}
23,0,4,False,,False,False,4,4,{}
24,4,4,True,149,True,False,0,0,{'149': 4}
25,3,4,True,907,True,False,1,1,{'907': 3}
26,1,4,True,113,True,False,3,3,{'113': 1}
27,2,4,True,19,True,False,2,2,{'19': 2}
28,0,4,False,,False,False,4,4,{}
29,1,4,True,104,True,False,3,3,{'104': 1}
30,0,4,False,,False,False,4,4,{}
