seed,attempt_id,rank,problem_idx,first_solved_elapsed_s,first_solved_at_utc,grader_query_id
20261011,20261004T104252.455432Z,1,1,9.105315355001949,2026-10-04T10:43:02.383+00:00,20261004T104252.455432Z-q1-a70
20261011,20261004T104252.455432Z,2,17,12.10595255199587,2026-10-04T10:43:05.383+00:00,20261004T104252.455432Z-q17-a49
20261011,20261004T104252.455432Z,3,3,15.105966919043567,2026-10-04T10:43:08.383+00:00,20261004T104252.455432Z-q3-a16
20261011,20261004T104252.455432Z,4,6,18.106065528001636,2026-10-04T10:43:11.384+00:00,20261004T104252.455432Z-q6-a504
20261011,20261004T104252.455432Z,5,16,21.1086815270246,2026-10-04T10:43:14.386+00:00,20261004T104252.455432Z-q16-a468
20261011,20261004T104252.455432Z,6,4,24.10644212400075,2026-10-04T10:43:17.384+00:00,20261004T104252.455432Z-q4-a117
20261011,20261004T104252.455432Z,7,22,30.10705978999613,2026-10-04T10:43:23.385+00:00,20261004T104252.455432Z-q22-a237
20261011,20261004T104252.455432Z,8,24,33.10967067204183,2026-10-04T10:43:26.387+00:00,20261004T104252.455432Z-q24-a149
20261011,20261004T104252.455432Z,9,26,36.108134809008334,2026-10-04T10:43:29.386+00:00,20261004T104252.455432Z-q26-a113
20261011,20261004T104252.455432Z,10,19,39.108002554043196,2026-10-04T10:43:32.386+00:00,20261004T104252.455432Z-q19-a106
20261011,20261004T104252.455432Z,11,21,42.108162607997656,2026-10-04T10:43:35.386+00:00,20261004T104252.455432Z-q21-a293
20261011,20261004T104252.455432Z,12,5,48.108966763014905,2026-10-04T10:43:41.386+00:00,20261004T104252.455432Z-q5-a279
20261011,20261004T104252.455432Z,13,23,51.10903163003968,2026-10-04T10:43:44.387+00:00,20261004T104252.455432Z-q23-a610
20261011,20261004T104252.455432Z,14,7,57.109905751014594,2026-10-04T10:43:50.387+00:00,20261004T104252.455432Z-q7-a821
20261011,20261004T104252.455432Z,15,27,60.111102974042296,2026-10-04T10:43:53.389+00:00,20261004T104252.455432Z-q27-a19
20261011,20261004T104252.455432Z,16,18,63.110998504038434,2026-10-04T10:43:56.389+00:00,20261004T104252.455432Z-q18-a82
20261011,20261004T104252.455432Z,17,8,66.11100982001517,2026-10-04T10:43:59.389+00:00,20261004T104252.455432Z-q8-a77
20261011,20261004T104252.455432Z,18,2,78.30526575102704,2026-10-04T10:44:11.583+00:00,20261004T104252.455432Z-q2-a588
20261011,20261004T104252.455432Z,19,25,82.81442251201952,2026-10-04T10:44:16.092+00:00,20261004T104252.455432Z-q25-a907
20261011,20261004T104252.455432Z,20,11,93.4494519670261,2026-10-04T10:44:26.727+00:00,20261004T104252.455432Z-q11-a259
20261011,20261004T104252.455432Z,21,9,109.11658508802066,2026-10-04T10:44:42.394+00:00,20261004T104252.455432Z-q9-a62
20261011,20261004T104252.455432Z,22,20,138.12990849401103,2026-10-04T10:45:11.407+00:00,20261004T104252.455432Z-q20-a336
20261011,20261004T104252.455432Z,23,12,201.3353461570223,2026-10-04T10:46:14.613+00:00,20261004T104252.455432Z-q12-a510
20261011,20261004T104252.455432Z,24,29,232.5232770460425,2026-10-04T10:46:45.801+00:00,20261004T104252.455432Z-q29-a104
20261011,20261004T104252.455432Z,25,28,404.83348304004176,2026-10-04T10:49:38.111+00:00,20261004T104252.455432Z-q28-a248
20261011,20261004T104252.455432Z,26,30,450.77956881403225,2026-10-04T10:50:24.057+00:00,20261004T104252.455432Z-q30-a240
20261012,20261004T105106.945990Z,1,17,9.902408747992013,2026-10-04T10:51:17.726+00:00,20261004T105106.945990Z-q17-a49
20261012,20261004T105106.945990Z,2,1,15.904791620967444,2026-10-04T10:51:23.728+00:00,20261004T105106.945990Z-q1-a70
20261012,20261004T105106.945990Z,3,4,18.90306949999649,2026-10-04T10:51:26.726+00:00,20261004T105106.945990Z-q4-a117
20261012,20261004T105106.945990Z,4,3,21.903949354949873,2026-10-04T10:51:29.727+00:00,20261004T105106.945990Z-q3-a16
20261012,20261004T105106.945990Z,5,8,24.90607435099082,2026-10-04T10:51:32.729+00:00,20261004T105106.945990Z-q8-a77
20261012,20261004T105106.945990Z,6,6,27.904294513980858,2026-10-04T10:51:35.728+00:00,20261004T105106.945990Z-q6-a504
20261012,20261004T105106.945990Z,7,25,30.904982915963046,2026-10-04T10:51:38.728+00:00,20261004T105106.945990Z-q25-a907
20261012,20261004T105106.945990Z,8,19,33.90507809596602,2026-10-04T10:51:41.728+00:00,20261004T105106.945990Z-q19-a106
20261012,20261004T105106.945990Z,9,16,36.905299007950816,2026-10-04T10:51:44.729+00:00,20261004T105106.945990Z-q16-a468
20261012,20261004T105106.945990Z,10,21,39.905919526994694,2026-10-04T10:51:47.729+00:00,20261004T105106.945990Z-q21-a293
20261012,20261004T105106.945990Z,11,26,42.906215258000884,2026-10-04T10:51:50.729+00:00,20261004T105106.945990Z-q26-a113
20261012,20261004T105106.945990Z,12,22,45.90640819398686,2026-10-04T10:51:53.730+00:00,20261004T105106.945990Z-q22-a237
20261012,20261004T105106.945990Z,13,27,48.90839379699901,2026-10-04T10:51:56.732+00:00,20261004T105106.945990Z-q27-a19
20261012,20261004T105106.945990Z,14,12,51.906827466969844,2026-10-04T10:51:59.730+00:00,20261004T105106.945990Z-q12-a510
20261012,20261004T105106.945990Z,15,18,54.9072531319689,2026-10-04T10:52:02.730+00:00,20261004T105106.945990Z-q18-a82
20261012,20261004T105106.945990Z,16,5,57.90760794299422,2026-10-04T10:52:05.731+00:00,20261004T105106.945990Z-q5-a279
20261012,20261004T105106.945990Z,17,11,60.90800733497599,2026-10-04T10:52:08.731+00:00,20261004T105106.945990Z-q11-a259
20261012,20261004T105106.945990Z,18,24,63.90793759498047,2026-10-04T10:52:11.731+00:00,20261004T105106.945990Z-q24-a149
20261012,20261004T105106.945990Z,19,2,71.64243785699364,2026-10-04T10:52:19.466+00:00,20261004T105106.945990Z-q2-a588
20261012,20261004T105106.945990Z,20,23,93.12900301697664,2026-10-04T10:52:40.952+00:00,20261004T105106.945990Z-q23-a610
20261012,20261004T105106.945990Z,21,7,115.80815213295864,2026-10-04T10:53:03.631+00:00,20261004T105106.945990Z-q7-a821
20261012,20261004T105106.945990Z,22,20,187.541200713953,2026-10-04T10:54:15.364+00:00,20261004T105106.945990Z-q20-a336
20261012,20261004T105106.945990Z,23,29,220.27569345897064,2026-10-04T10:54:48.099+00:00,20261004T105106.945990Z-q29-a104
20261012,20261004T105106.945990Z,24,10,267.5649165189825,2026-10-04T10:55:35.388+00:00,20261004T105106.945990Z-q10-a81
20261012,20261004T105106.945990Z,25,13,280.062519716972,2026-10-04T10:55:47.886+00:00,20261004T105106.945990Z-q13-a204
20261012,20261004T105106.945990Z,26,28,322.68530188896693,2026-10-04T10:56:30.509+00:00,20261004T105106.945990Z-q28-a248
20261012,20261004T105106.945990Z,27,9,329.121371643967,2026-10-04T10:56:36.945+00:00,20261004T105106.945990Z-q9-a62
20261013,20261004T105842.068058Z,1,17,7.3647908350103535,2026-10-04T10:58:50.222+00:00,20261004T105842.068058Z-q17-a49
20261013,20261004T105842.068058Z,2,1,10.365037868032232,2026-10-04T10:58:53.222+00:00,20261004T105842.068058Z-q1-a70
20261013,20261004T105842.068058Z,3,3,13.365155960025731,2026-10-04T10:58:56.223+00:00,20261004T105842.068058Z-q3-a16
20261013,20261004T105842.068058Z,4,6,16.367528025002684,2026-10-04T10:58:59.225+00:00,20261004T105842.068058Z-q6-a504
20261013,20261004T105842.068058Z,5,8,19.36578858201392,2026-10-04T10:59:02.223+00:00,20261004T105842.068058Z-q8-a77
20261013,20261004T105842.068058Z,6,4,22.367203451984096,2026-10-04T10:59:05.225+00:00,20261004T105842.068058Z-q4-a117
20261013,20261004T105842.068058Z,7,19,25.366343161033,2026-10-04T10:59:08.224+00:00,20261004T105842.068058Z-q19-a106
20261013,20261004T105842.068058Z,8,25,28.367544877983164,2026-10-04T10:59:11.225+00:00,20261004T105842.068058Z-q25-a907
20261013,20261004T105842.068058Z,9,22,31.36687205900671,2026-10-04T10:59:14.224+00:00,20261004T105842.068058Z-q22-a237
20261013,20261004T105842.068058Z,10,16,34.36738739098655,2026-10-04T10:59:17.225+00:00,20261004T105842.068058Z-q16-a468
20261013,20261004T105842.068058Z,11,21,37.36741909600096,2026-10-04T10:59:20.225+00:00,20261004T105842.068058Z-q21-a293
20261013,20261004T105842.068058Z,12,27,40.369362412020564,2026-10-04T10:59:23.227+00:00,20261004T105842.068058Z-q27-a19
20261013,20261004T105842.068058Z,13,24,46.36912032798864,2026-10-04T10:59:29.226+00:00,20261004T105842.068058Z-q24-a149
20261013,20261004T105842.068058Z,14,5,49.368873437982984,2026-10-04T10:59:32.226+00:00,20261004T105842.068058Z-q5-a279
20261013,20261004T105842.068058Z,15,18,55.36936138902092,2026-10-04T10:59:38.227+00:00,20261004T105842.068058Z-q18-a82
20261013,20261004T105842.068058Z,16,26,58.36992307199398,2026-10-04T10:59:41.227+00:00,20261004T105842.068058Z-q26-a113
20261013,20261004T105842.068058Z,17,2,61.370614507002756,2026-10-04T10:59:44.228+00:00,20261004T105842.068058Z-q2-a588
20261013,20261004T105842.068058Z,18,12,87.0647994930041,2026-10-04T11:00:09.922+00:00,20261004T105842.068058Z-q12-a510
20261013,20261004T105842.068058Z,19,23,90.77349272201536,2026-10-04T11:00:13.631+00:00,20261004T105842.068058Z-q23-a610
20261013,20261004T105842.068058Z,20,29,93.7740700970171,2026-10-04T11:00:16.631+00:00,20261004T105842.068058Z-q29-a104
20261013,20261004T105842.068058Z,21,11,132.4642462990014,2026-10-04T11:00:55.322+00:00,20261004T105842.068058Z-q11-a259
20261013,20261004T105842.068058Z,22,7,135.46415912598604,2026-10-04T11:00:58.322+00:00,20261004T105842.068058Z-q7-a821
20261013,20261004T105842.068058Z,23,9,211.34902763698483,2026-10-04T11:02:14.206+00:00,20261004T105842.068058Z-q9-a62
20261013,20261004T105842.068058Z,24,10,254.0573586249957,2026-10-04T11:02:56.915+00:00,20261004T105842.068058Z-q10-a81
20261013,20261004T105842.068058Z,25,13,258.8632614579983,2026-10-04T11:03:01.721+00:00,20261004T105842.068058Z-q13-a204
20261013,20261004T105842.068058Z,26,20,348.62335069902474,2026-10-04T11:04:31.481+00:00,20261004T105842.068058Z-q20-a336
20261014,20261004T110628.207691Z,1,1,9.03268563596066,2026-10-04T11:06:38.025+00:00,20261004T110628.207691Z-q1-a70
20261014,20261004T110628.207691Z,2,6,12.03492731595179,2026-10-04T11:06:41.028+00:00,20261004T110628.207691Z-q6-a504
20261014,20261004T110628.207691Z,3,3,15.033446804969572,2026-10-04T11:06:44.026+00:00,20261004T110628.207691Z-q3-a16
20261014,20261004T110628.207691Z,4,16,18.03521095495671,2026-10-04T11:06:47.028+00:00,20261004T110628.207691Z-q16-a468
20261014,20261004T110628.207691Z,5,17,21.033944236987736,2026-10-04T11:06:50.027+00:00,20261004T110628.207691Z-q17-a49
20261014,20261004T110628.207691Z,6,19,24.03621074097464,2026-10-04T11:06:53.029+00:00,20261004T110628.207691Z-q19-a106
20261014,20261004T110628.207691Z,7,4,27.03677504596999,2026-10-04T11:06:56.029+00:00,20261004T110628.207691Z-q4-a117
20261014,20261004T110628.207691Z,8,22,30.03737665899098,2026-10-04T11:06:59.030+00:00,20261004T110628.207691Z-q22-a237
20261014,20261004T110628.207691Z,9,8,33.035311136976816,2026-10-04T11:07:02.028+00:00,20261004T110628.207691Z-q8-a77
20261014,20261004T110628.207691Z,10,25,36.03594937699381,2026-10-04T11:07:05.029+00:00,20261004T110628.207691Z-q25-a907
20261014,20261004T110628.207691Z,11,21,39.035865730955265,2026-10-04T11:07:08.028+00:00,20261004T110628.207691Z-q21-a293
20261014,20261004T110628.207691Z,12,27,42.03693977097282,2026-10-04T11:07:11.030+00:00,20261004T110628.207691Z-q27-a19
20261014,20261004T110628.207691Z,13,24,45.03672848799033,2026-10-04T11:07:14.029+00:00,20261004T110628.207691Z-q24-a149
20261014,20261004T110628.207691Z,14,5,48.036907895002514,2026-10-04T11:07:17.030+00:00,20261004T110628.207691Z-q5-a279
20261014,20261004T110628.207691Z,15,26,51.03884736599866,2026-10-04T11:07:20.031+00:00,20261004T110628.207691Z-q26-a113
20261014,20261004T110628.207691Z,16,12,54.037091104954015,2026-10-04T11:07:23.030+00:00,20261004T110628.207691Z-q12-a510
20261014,20261004T110628.207691Z,17,23,84.0748275090009,2026-10-04T11:07:53.067+00:00,20261004T110628.207691Z-q23-a610
20261014,20261004T110628.207691Z,18,7,135.0711294959765,2026-10-04T11:08:44.064+00:00,20261004T110628.207691Z-q7-a821
20261014,20261004T110628.207691Z,19,10,147.33152729395078,2026-10-04T11:08:56.324+00:00,20261004T110628.207691Z-q10-a81
20261014,20261004T110628.207691Z,20,18,158.11605157796293,2026-10-04T11:09:07.109+00:00,20261004T110628.207691Z-q18-a82
20261014,20261004T110628.207691Z,21,28,170.1492138549802,2026-10-04T11:09:19.142+00:00,20261004T110628.207691Z-q28-a248
20261014,20261004T110628.207691Z,22,2,193.5903233899735,2026-10-04T11:09:42.583+00:00,20261004T110628.207691Z-q2-a588
20261014,20261004T110628.207691Z,23,13,209.59022769000148,2026-10-04T11:09:58.583+00:00,20261004T110628.207691Z-q13-a204
20261014,20261004T110628.207691Z,24,20,252.87119276297744,2026-10-04T11:10:41.864+00:00,20261004T110628.207691Z-q20-a336
20261014,20261004T110628.207691Z,25,29,304.2316624959931,2026-10-04T11:11:33.224+00:00,20261004T110628.207691Z-q29-a104
20261014,20261004T110628.207691Z,26,30,333.85880173096666,2026-10-04T11:12:02.851+00:00,20261004T110628.207691Z-q30-a240
20261014,20261004T110628.207691Z,27,9,351.5559006679687,2026-10-04T11:12:20.548+00:00,20261004T110628.207691Z-q9-a62
20261015,20261004T111412.260670Z,1,1,7.557510094018653,2026-10-04T11:14:20.605+00:00,20261004T111412.260670Z-q1-a70
20261015,20261004T111412.260670Z,2,17,10.55668473104015,2026-10-04T11:14:23.604+00:00,20261004T111412.260670Z-q17-a49
20261015,20261004T111412.260670Z,3,3,13.555541259003803,2026-10-04T11:14:26.603+00:00,20261004T111412.260670Z-q3-a16
20261015,20261004T111412.260670Z,4,6,16.556782167986967,2026-10-04T11:14:29.604+00:00,20261004T111412.260670Z-q6-a504
20261015,20261004T111412.260670Z,5,21,19.556227404042147,2026-10-04T11:14:32.604+00:00,20261004T111412.260670Z-q21-a293
20261015,20261004T111412.260670Z,6,25,22.55698143003974,2026-10-04T11:14:35.605+00:00,20261004T111412.260670Z-q25-a907
20261015,20261004T111412.260670Z,7,22,25.556896858033724,2026-10-04T11:14:38.605+00:00,20261004T111412.260670Z-q22-a237
20261015,20261004T111412.260670Z,8,19,28.556753735989332,2026-10-04T11:14:41.604+00:00,20261004T111412.260670Z-q19-a106
20261015,20261004T111412.260670Z,9,8,31.55711016600253,2026-10-04T11:14:44.605+00:00,20261004T111412.260670Z-q8-a77
20261015,20261004T111412.260670Z,10,4,34.557563970040064,2026-10-04T11:14:47.605+00:00,20261004T111412.260670Z-q4-a117
20261015,20261004T111412.260670Z,11,16,37.55944778904086,2026-10-04T11:14:50.607+00:00,20261004T111412.260670Z-q16-a468
20261015,20261004T111412.260670Z,12,26,40.55886031204136,2026-10-04T11:14:53.606+00:00,20261004T111412.260670Z-q26-a113
20261015,20261004T111412.260670Z,13,5,43.558634651999455,2026-10-04T11:14:56.606+00:00,20261004T111412.260670Z-q5-a279
20261015,20261004T111412.260670Z,14,27,46.558991169033106,2026-10-04T11:14:59.607+00:00,20261004T111412.260670Z-q27-a19
20261015,20261004T111412.260670Z,15,24,49.55871662602294,2026-10-04T11:15:02.606+00:00,20261004T111412.260670Z-q24-a149
20261015,20261004T111412.260670Z,16,18,58.63709709304385,2026-10-04T11:15:11.685+00:00,20261004T111412.260670Z-q18-a82
20261015,20261004T111412.260670Z,17,12,64.48434890899807,2026-10-04T11:15:17.532+00:00,20261004T111412.260670Z-q12-a510
20261015,20261004T111412.260670Z,18,23,67.48344710102538,2026-10-04T11:15:20.531+00:00,20261004T111412.260670Z-q23-a610
20261015,20261004T111412.260670Z,19,7,74.52663315803511,2026-10-04T11:15:27.574+00:00,20261004T111412.260670Z-q7-a821
20261015,20261004T111412.260670Z,20,11,82.65513723203912,2026-10-04T11:15:35.703+00:00,20261004T111412.260670Z-q11-a259
20261015,20261004T111412.260670Z,21,2,107.07971428602468,2026-10-04T11:16:00.127+00:00,20261004T111412.260670Z-q2-a588
20261015,20261004T111412.260670Z,22,9,110.30636336602038,2026-10-04T11:16:03.354+00:00,20261004T111412.260670Z-q9-a62
20261015,20261004T111412.260670Z,23,29,138.351411242038,2026-10-04T11:16:31.399+00:00,20261004T111412.260670Z-q29-a104
20261015,20261004T111412.260670Z,24,10,196.3090939510148,2026-10-04T11:17:29.357+00:00,20261004T111412.260670Z-q10-a81
20261015,20261004T111412.260670Z,25,20,219.11712132301182,2026-10-04T11:17:52.165+00:00,20261004T111412.260670Z-q20-a336
20261015,20261004T111412.260670Z,26,13,253.38773764902726,2026-10-04T11:18:26.435+00:00,20261004T111412.260670Z-q13-a204
