milestone,reached,declared_trials,identity_invalid_trials,median_s,min_s,max_s,historical_e8_median_s,new_minus_historical_s
1,5,5,0,9.03268563596066,7.3647908350103535,9.902408747992013,9.03536185901612,-0.002676223055459559
2,5,5,0,12.03492731595179,10.365037868032232,15.904791620967444,12.03682260401547,-0.0018952880636788905
4,5,5,0,18.03521095495671,16.367528025002684,21.903949354949873,18.03832352696918,-0.0031125720124691725
6,5,5,0,24.03621074097464,22.367203451984096,27.904294513980858,24.037080942012835,-0.0008702010381966829
8,5,5,0,30.03737665899098,28.367544877983164,33.90507809596602,30.04001438897103,-0.0026377299800515175
10,5,5,0,36.03594937699381,34.36738739098655,39.905919526994694,36.03842141199857,-0.0024720350047573447
12,5,5,0,42.03693977097282,40.369362412020564,48.108966763014905,42.03904186299769,-0.002102092024870217
14,5,5,0,49.368873437982984,46.558991169033106,57.109905751014594,49.08599186199717,0.28288157598581165
16,5,5,0,58.36992307199398,54.037091104954015,63.110998504038434,57.90251659200294,0.4674064799910411
18,5,5,0,78.30526575102704,63.90793759498047,135.0711294959765,77.27695375698386,1.0283119940431789
20,5,5,0,93.4494519670261,82.65513723203912,158.11605157796293,,
22,5,5,0,138.12990849401103,110.30636336602038,193.5903233899735,,
24,5,5,0,252.87119276297744,196.3090939510148,267.5649165189825,,
26,5,5,0,333.85880173096666,253.38773764902726,450.77956881403225,,
28,0,5,0,,,,,
30,0,5,0,,,,,
