question,verified_trials,unverified_at_stop_trials,min_tokens,median_tokens,max_tokens,slot_17_count,slot_18_count
1,5,0,749,1016,3131,0,0
2,0,5,,,,0,0
3,5,0,1343,1457,1682,0,0
4,5,0,1240,1902,2409,0,0
5,5,0,4814,5328,6745,0,0
6,5,0,1206,1706,2258,0,0
7,2,3,8257,8762.5,9268,0,0
8,5,0,1806,1826,3123,0,0
9,1,4,11007,11007,11007,0,1
10,0,5,,,,0,0
11,1,4,7817,7817,7817,1,0
12,4,1,7388,8465.0,9360,3,1
13,0,5,,,,0,0
14,0,5,,,,0,0
15,0,5,,,,0,0
16,5,0,1786,2516,2743,0,0
17,5,0,692,931,1892,0,0
18,3,2,5017,7424,8412,1,0
19,5,0,1942,2118,2542,0,0
20,0,5,,,,0,0
21,5,0,2023,2957,3845,0,0
22,5,0,2111,2656,3098,0,0
23,3,2,6428,7669,10068,0,1
24,5,0,3381,5137,6665,0,0
25,5,0,2093,2459,3518,0,0
26,5,0,3843,4540,7080,0,0
27,5,0,3735,4079,7831,0,1
28,0,5,,,,0,0
29,1,4,11385,11385,11385,0,1
30,0,5,,,,0,0
