seed,attempt_id,question,verified,verification_slot,tokens_to_winning_candidate,tokens_through_positive_verdict,observed_output_tokens,unverified_tokens_at_target,winning_rollout,candidate_kind,candidate_elapsed_s,verified_elapsed_s,grader_queue_wait_s,grader_toll_s,candidate_to_verdict_s
20261011,20261004T005518.974361Z,18,True,17,8412,9077,9077,,2,literal_prose,60.456000089645386,65.32165786297992,1.861,3.0,4.865657773334533
20261011,20261004T005518.974361Z,12,True,18,9134,9918,9918,,2,literal_prose,65.71399998664856,71.32121138199,2.604,3.0,5.607211395341437
20261012,20261004T005632.979246Z,12,True,17,7388,8192,8192,,1,literal_prose,51.61500000953674,60.902270774007775,6.285,3.0,9.287270764471032
20261012,20261004T005632.979246Z,23,True,18,10068,10476,10476,,2,literal_prose,74.27300000190735,77.27695375698386,0.0,3.0,3.003953755076509
20261013,20261004T005752.973818Z,12,True,17,7796,8192,8192,,1,literal_prose,53.240999937057495,56.24362092994852,0.0,3.0,3.002620992891025
20261013,20261004T005752.973818Z,29,True,18,11385,11772,11772,,2,boxed,79.48799991607666,82.49167418194702,0.0,3.0,3.003674265870359
20261014,20261004T005918.176012Z,12,True,17,9360,10408,10408,,2,literal_prose,65.51900005340576,73.6059047760209,5.083,3.0,8.086904722615145
20261014,20261004T005918.176012Z,9,True,18,11007,11400,11400,,2,literal_prose,78.09800004959106,81.10196408699267,0.0,3.0,3.0039640374016017
20261015,20261004T010042.153214Z,11,True,17,7817,8192,8192,,1,literal_prose,53.62599992752075,59.782532588986214,3.151,3.0,6.156532661465462
20261015,20261004T010042.153214Z,27,True,18,7831,8192,8192,,1,literal_prose,53.74499988555908,62.78271700296318,6.034,3.0,9.0377171174041
