group,attempt_id,role,question,output_token_ids,ttft_s,last_token_s,approx_observed_decode_tok_s,generation_censored,telemetry_evidence
bf16_flash_attn,20261003T224137.318281Z,scored,1,1030,0.07236433296930045,8.017739994975273,129.63515431062143,True,aime-bench/attempts/20261003T224137.318281Z/trace/01/rollout-01/telemetry.json
bf16_flash_attn,20261003T224137.318281Z,scored,2,8192,0.0935109670390375,72.55775718204677,113.04885412998877,True,aime-bench/attempts/20261003T224137.318281Z/trace/02/rollout-01/telemetry.json
bf16_flash_attn,20261003T224137.318281Z,scored,3,1762,0.14358984300633892,14.016550618980546,127.00965774022139,True,aime-bench/attempts/20261003T224137.318281Z/trace/03/rollout-01/telemetry.json
bf16_flash_attn,20261003T224137.318281Z,scored,4,2544,0.09278643899597228,20.55284505902091,124.33981970658202,True,aime-bench/attempts/20261003T224137.318281Z/trace/04/rollout-01/telemetry.json
bf16_flash_attn,20261003T224137.318281Z,scored,5,5260,0.09173679299419746,44.553435492969584,118.30407190454268,True,aime-bench/attempts/20261003T224137.318281Z/trace/05/rollout-01/telemetry.json
bf16_flash_attn,20261003T224137.318281Z,scored,6,2124,0.20656232797773555,17.01823049300583,126.3408234774928,True,aime-bench/attempts/20261003T224137.318281Z/trace/06/rollout-01/telemetry.json
bf16_flash_attn,20261003T224137.318281Z,scored,7,6607,0.140468843979761,57.35829065198777,115.47101569454199,True,aime-bench/attempts/20261003T224137.318281Z/trace/07/rollout-01/telemetry.json
bf16_flash_attn,20261003T224137.318281Z,scored,8,3239,0.09009201102890074,26.54838466004003,122.41908587858396,True,aime-bench/attempts/20261003T224137.318281Z/trace/08/rollout-01/telemetry.json
bf16_flash_attn,20261003T224137.318281Z,scored,9,8192,0.1408053750055842,72.56106136302697,113.11752338123455,True,aime-bench/attempts/20261003T224137.318281Z/trace/09/rollout-01/telemetry.json
bf16_flash_attn,20261003T224137.318281Z,scored,10,8192,0.2032705299789086,72.57916167896474,113.18686195015908,True,aime-bench/attempts/20261003T224137.318281Z/trace/10/rollout-01/telemetry.json
bf16_flash_attn,20261003T224137.318281Z,scored,11,8192,0.13858581701060757,72.55848338303622,113.11808322472852,True,aime-bench/attempts/20261003T224137.318281Z/trace/11/rollout-01/telemetry.json
bf16_flash_attn,20261003T224137.318281Z,scored,12,8192,0.23324320098618045,72.57876748999115,113.23437186348535,True,aime-bench/attempts/20261003T224137.318281Z/trace/12/rollout-01/telemetry.json
bf16_flash_attn,20261003T224137.318281Z,scored,13,8192,0.13637978298356757,72.556973172992,113.11699637537374,True,aime-bench/attempts/20261003T224137.318281Z/trace/13/rollout-01/telemetry.json
bf16_flash_attn,20261003T224137.318281Z,scored,14,8192,0.20160818501608446,72.57699244399555,113.18765466842596,True,aime-bench/attempts/20261003T224137.318281Z/trace/14/rollout-01/telemetry.json
bf16_flash_attn,20261003T224137.318281Z,scored,15,8192,0.2005562239792198,72.57611497998005,113.18738177369556,True,aime-bench/attempts/20261003T224137.318281Z/trace/15/rollout-01/telemetry.json
bf16_flash_attn,20261003T224137.318281Z,scored,16,2886,0.1996814350131899,23.54946391499834,123.59858180579656,True,aime-bench/attempts/20261003T224137.318281Z/trace/16/rollout-01/telemetry.json
bf16_flash_attn,20261003T224137.318281Z,scored,17,1399,0.13500034797471017,11.001482979976572,128.7445116674586,True,aime-bench/attempts/20261003T224137.318281Z/trace/17/rollout-01/telemetry.json
bf16_flash_attn,20261003T224137.318281Z,scored,18,7532,0.1336360209970735,66.35325329797342,113.74272926549777,True,aime-bench/attempts/20261003T224137.318281Z/trace/18/rollout-01/telemetry.json
bf16_flash_attn,20261003T224137.318281Z,scored,19,4263,0.22889909095829353,35.546034322993364,120.70627960031044,True,aime-bench/attempts/20261003T224137.318281Z/trace/19/rollout-01/telemetry.json
bf16_flash_attn,20261003T224137.318281Z,scored,20,8192,0.13353970099706203,72.55302255001152,113.11873100612017,True,aime-bench/attempts/20261003T224137.318281Z/trace/20/rollout-01/telemetry.json
bf16_flash_attn,20261003T224137.318281Z,scored,21,3582,0.19727402401622385,29.54111417400418,122.06991251625497,True,aime-bench/attempts/20261003T224137.318281Z/trace/21/rollout-01/telemetry.json
bf16_flash_attn,20261003T224137.318281Z,scored,22,4599,0.19570009497692809,38.54020082496572,119.93897201543622,True,aime-bench/attempts/20261003T224137.318281Z/trace/22/rollout-01/telemetry.json
bf16_flash_attn,20261003T224137.318281Z,scored,23,8192,0.1947293960256502,72.57059027801733,113.1869092839807,True,aime-bench/attempts/20261003T224137.318281Z/trace/23/rollout-01/telemetry.json
bf16_flash_attn,20261003T224137.318281Z,scored,24,8192,0.130677287990693,72.55026717798319,113.11856380910042,True,aime-bench/attempts/20261003T224137.318281Z/trace/24/rollout-01/telemetry.json
bf16_flash_attn,20261003T224137.318281Z,scored,25,3926,0.12973532296018675,32.5394123760052,121.13665907791379,True,aime-bench/attempts/20261003T224137.318281Z/trace/25/rollout-01/telemetry.json
bf16_flash_attn,20261003T224137.318281Z,scored,26,7214,0.192580369010102,63.349787692015525,114.22290987480464,True,aime-bench/attempts/20261003T224137.318281Z/trace/26/rollout-01/telemetry.json
bf16_flash_attn,20261003T224137.318281Z,scored,27,7849,0.22322435805108398,69.34895109001081,113.54672668303503,True,aime-bench/attempts/20261003T224137.318281Z/trace/27/rollout-01/telemetry.json
bf16_flash_attn,20261003T224137.318281Z,scored,28,8192,0.22330560098635033,72.56868825398851,113.23459355094103,True,aime-bench/attempts/20261003T224137.318281Z/trace/28/rollout-01/telemetry.json
bf16_flash_attn,20261003T224137.318281Z,scored,29,8192,0.22212216298794374,72.56757206300972,113.234488296375,True,aime-bench/attempts/20261003T224137.318281Z/trace/29/rollout-01/telemetry.json
bf16_flash_attn,20261003T224137.318281Z,scored,30,8192,0.22218945901840925,72.56763282598695,113.23449852185578,True,aime-bench/attempts/20261003T224137.318281Z/trace/30/rollout-01/telemetry.json
bf16_flash_attn,20261003T224337.444734Z,scored,1,1344,0.05990917299641296,10.551302038016729,128.10501115453152,True,aime-bench/attempts/20261003T224337.444734Z/trace/01/rollout-01/telemetry.json
bf16_flash_attn,20261003T224337.444734Z,scored,2,8192,0.08127999003045261,73.37888121401193,111.76354837270917,True,aime-bench/attempts/20261003T224337.444734Z/trace/02/rollout-01/telemetry.json
bf16_flash_attn,20261003T224337.444734Z,scored,3,1705,0.10908875003224239,13.552756645018235,126.82550724389019,True,aime-bench/attempts/20261003T224337.444734Z/trace/03/rollout-01/telemetry.json
bf16_flash_attn,20261003T224337.444734Z,scored,4,2420,0.08068759000161663,19.548679080966394,124.30660867728126,True,aime-bench/attempts/20261003T224337.444734Z/trace/04/rollout-01/telemetry.json
bf16_flash_attn,20261003T224337.444734Z,scored,5,7654,0.07901518599828705,68.19272014201852,112.37092454362963,True,aime-bench/attempts/20261003T224337.444734Z/trace/05/rollout-01/telemetry.json
bf16_flash_attn,20261003T224337.444734Z,scored,6,2763,0.23511081200558692,22.547358356008772,123.8333338921119,True,aime-bench/attempts/20261003T224337.444734Z/trace/06/rollout-01/telemetry.json
bf16_flash_attn,20261003T224337.444734Z,scored,7,8192,0.10556312295375392,73.38998180499766,111.78365261437487,True,aime-bench/attempts/20261003T224337.444734Z/trace/07/rollout-01/telemetry.json
bf16_flash_attn,20261003T224337.444734Z,scored,8,5868,0.07730157399782911,50.60827765695285,116.1267890484977,True,aime-bench/attempts/20261003T224337.444734Z/trace/08/rollout-01/telemetry.json
bf16_flash_attn,20261003T224337.444734Z,scored,9,8192,0.16803323494968936,73.40177855198272,111.86100020607124,True,aime-bench/attempts/20261003T224337.444734Z/trace/09/rollout-01/telemetry.json
bf16_flash_attn,20261003T224337.444734Z,scored,10,8192,0.16798548598308116,73.40225624799496,111.86019762006505,True,aime-bench/attempts/20261003T224337.444734Z/trace/10/rollout-01/telemetry.json
bf16_flash_attn,20261003T224337.444734Z,scored,11,8192,0.10363916802452877,73.39154315198539,111.77833659689365,True,aime-bench/attempts/20261003T224337.444734Z/trace/11/rollout-01/telemetry.json
bf16_flash_attn,20261003T224337.444734Z,scored,12,8192,0.23236075800377876,73.41194367100252,111.94379188713403,True,aime-bench/attempts/20261003T224337.444734Z/trace/12/rollout-01/telemetry.json
bf16_flash_attn,20261003T224337.444734Z,scored,13,8192,0.10156416002428159,73.38219367101556,111.78943268727367,True,aime-bench/attempts/20261003T224337.444734Z/trace/13/rollout-01/telemetry.json
bf16_flash_attn,20261003T224337.444734Z,scored,14,8192,0.23030846199253574,73.40013726695906,111.95871486641983,True,aime-bench/attempts/20261003T224337.444734Z/trace/14/rollout-01/telemetry.json
bf16_flash_attn,20261003T224337.444734Z,scored,15,8192,0.1653356000315398,73.3993041460053,111.8606592357117,True,aime-bench/attempts/20261003T224337.444734Z/trace/15/rollout-01/telemetry.json
bf16_flash_attn,20261003T224337.444734Z,scored,16,3445,0.16456269199261442,28.547139283968136,121.37728189814837,True,aime-bench/attempts/20261003T224337.444734Z/trace/16/rollout-01/telemetry.json
bf16_flash_attn,20261003T224337.444734Z,scored,17,1798,0.1001761489897035,14.312377497961279,126.5110137304737,False,aime-bench/attempts/20261003T224337.444734Z/trace/17/rollout-01/telemetry.json
bf16_flash_attn,20261003T224337.444734Z,scored,18,8192,0.09876088699093089,73.38685211102711,111.77805102001733,True,aime-bench/attempts/20261003T224337.444734Z/trace/18/rollout-01/telemetry.json
bf16_flash_attn,20261003T224337.444734Z,scored,19,3101,0.22811149497283623,25.54633807501523,122.48093246959195,True,aime-bench/attempts/20261003T224337.444734Z/trace/19/rollout-01/telemetry.json
bf16_flash_attn,20261003T224337.444734Z,scored,20,8192,0.16080299799796194,73.39455006702337,111.86099752998776,True,aime-bench/attempts/20261003T224337.444734Z/trace/20/rollout-01/telemetry.json
bf16_flash_attn,20261003T224337.444734Z,scored,21,3783,0.22609354398446158,31.542041094973683,120.8010708869801,True,aime-bench/attempts/20261003T224337.444734Z/trace/21/rollout-01/telemetry.json
bf16_flash_attn,20261003T224337.444734Z,scored,22,4783,0.16050861502299085,40.546114329015836,118.43328620283096,True,aime-bench/attempts/20261003T224337.444734Z/trace/22/rollout-01/telemetry.json
bf16_flash_attn,20261003T224337.444734Z,scored,23,8192,0.15953145397361368,73.39312172000064,111.86123703947722,True,aime-bench/attempts/20261003T224337.444734Z/trace/23/rollout-01/telemetry.json
bf16_flash_attn,20261003T224337.444734Z,scored,24,5110,0.15804166201269254,43.5407298419741,117.78892029010605,True,aime-bench/attempts/20261003T224337.444734Z/trace/24/rollout-01/telemetry.json
bf16_flash_attn,20261003T224337.444734Z,scored,25,4454,0.09484213404357433,37.54051609401358,118.94564922937141,True,aime-bench/attempts/20261003T224337.444734Z/trace/25/rollout-01/telemetry.json
bf16_flash_attn,20261003T224337.444734Z,scored,26,7962,0.1573996189981699,71.17936338600703,112.10616515927022,True,aime-bench/attempts/20261003T224337.444734Z/trace/26/rollout-01/telemetry.json
bf16_flash_attn,20261003T224337.444734Z,scored,27,4119,0.22254228900419548,34.53857972496189,120.03134125515173,True,aime-bench/attempts/20261003T224337.444734Z/trace/27/rollout-01/telemetry.json
bf16_flash_attn,20261003T224337.444734Z,scored,28,8192,0.22256830800324678,73.40207362599904,111.94391058537917,True,aime-bench/attempts/20261003T224337.444734Z/trace/28/rollout-01/telemetry.json
bf16_flash_attn,20261003T224337.444734Z,scored,29,8192,0.2214945960440673,73.4009563520085,111.9439772229852,True,aime-bench/attempts/20261003T224337.444734Z/trace/29/rollout-01/telemetry.json
bf16_flash_attn,20261003T224337.444734Z,scored,30,8192,0.22143591596977785,73.4009995929664,111.94382131271283,True,aime-bench/attempts/20261003T224337.444734Z/trace/30/rollout-01/telemetry.json
bf16_flash_attn,20261003T224555.051695Z,scored,1,1344,0.05861460801679641,10.553827764990274,128.05838051102256,True,aime-bench/attempts/20261003T224555.051695Z/trace/01/rollout-01/telemetry.json
bf16_flash_attn,20261003T224555.051695Z,scored,2,8192,0.07832771504763514,73.4101886030403,111.71133393863397,True,aime-bench/attempts/20261003T224555.051695Z/trace/02/rollout-01/telemetry.json
bf16_flash_attn,20261003T224555.051695Z,scored,3,1704,0.10784197604516521,13.551310790004209,126.75299980840134,True,aime-bench/attempts/20261003T224555.051695Z/trace/03/rollout-01/telemetry.json
bf16_flash_attn,20261003T224555.051695Z,scored,4,2412,0.07795312296366319,19.556430769967847,123.82897902552303,True,aime-bench/attempts/20261003T224555.051695Z/trace/04/rollout-01/telemetry.json
bf16_flash_attn,20261003T224555.051695Z,scored,5,7449,0.07658890698803589,66.23541813303018,112.59268168953396,True,aime-bench/attempts/20261003T224555.051695Z/trace/05/rollout-01/telemetry.json
bf16_flash_attn,20261003T224555.051695Z,scored,6,2754,0.23480184003710747,22.54872462101048,123.42070137252065,True,aime-bench/attempts/20261003T224555.051695Z/trace/06/rollout-01/telemetry.json
bf16_flash_attn,20261003T224555.051695Z,scored,7,8192,0.10498296900186688,73.42187605099753,111.73414005471135,True,aime-bench/attempts/20261003T224555.051695Z/trace/07/rollout-01/telemetry.json
bf16_flash_attn,20261003T224555.051695Z,scored,8,8091,0.0751289120526053,72.43636522704037,111.81400998705931,True,aime-bench/attempts/20261003T224555.051695Z/trace/08/rollout-01/telemetry.json
bf16_flash_attn,20261003T224555.051695Z,scored,9,8192,0.16741660801926628,73.43388446100289,111.81104043991931,True,aime-bench/attempts/20261003T224555.051695Z/trace/09/rollout-01/telemetry.json
bf16_flash_attn,20261003T224555.051695Z,scored,10,8192,0.16736438998486847,73.43364231602754,111.81133028580034,True,aime-bench/attempts/20261003T224555.051695Z/trace/10/rollout-01/telemetry.json
bf16_flash_attn,20261003T224555.051695Z,scored,11,8192,0.10288597003091127,73.42345319601009,111.72854098020923,True,aime-bench/attempts/20261003T224555.051695Z/trace/11/rollout-01/telemetry.json
bf16_flash_attn,20261003T224555.051695Z,scored,12,8192,0.2321675139828585,73.4480104779941,111.8883518697821,True,aime-bench/attempts/20261003T224555.051695Z/trace/12/rollout-01/telemetry.json
bf16_flash_attn,20261003T224555.051695Z,scored,13,8192,0.1006663020234555,73.41392230801284,111.73968319359254,True,aime-bench/attempts/20261003T224555.051695Z/trace/13/rollout-01/telemetry.json
bf16_flash_attn,20261003T224555.051695Z,scored,14,8192,0.22985080297803506,73.4463299390045,111.88737968101901,True,aime-bench/attempts/20261003T224555.051695Z/trace/14/rollout-01/telemetry.json
bf16_flash_attn,20261003T224555.051695Z,scored,15,8192,0.2288488349877298,73.44548510602908,111.88713955219082,True,aime-bench/attempts/20261003T224555.051695Z/trace/15/rollout-01/telemetry.json
bf16_flash_attn,20261003T224555.051695Z,scored,16,3435,0.1639430490322411,28.544456879026257,121.03374944430047,True,aime-bench/attempts/20261003T224555.051695Z/trace/16/rollout-01/telemetry.json
bf16_flash_attn,20261003T224555.051695Z,scored,17,2056,0.1616212289663963,16.540956731012557,125.52401773216977,True,aime-bench/attempts/20261003T224555.051695Z/trace/17/rollout-01/telemetry.json
bf16_flash_attn,20261003T224555.051695Z,scored,18,8192,0.09788933803793043,73.41878872504458,111.7280348234752,True,aime-bench/attempts/20261003T224555.051695Z/trace/18/rollout-01/telemetry.json
bf16_flash_attn,20261003T224555.051695Z,scored,19,3092,0.22790679096942768,25.55006581597263,122.1064916679082,True,aime-bench/attempts/20261003T224555.051695Z/trace/19/rollout-01/telemetry.json
bf16_flash_attn,20261003T224555.051695Z,scored,20,8192,0.1601626260089688,73.42655188101344,111.81116038744115,True,aime-bench/attempts/20261003T224555.051695Z/trace/20/rollout-01/telemetry.json
bf16_flash_attn,20261003T224555.051695Z,scored,21,3773,0.2256093859905377,31.54299882100895,120.4761976673929,True,aime-bench/attempts/20261003T224555.051695Z/trace/21/rollout-01/telemetry.json
bf16_flash_attn,20261003T224555.051695Z,scored,22,4773,0.15982191800139844,40.539757991966326,118.20226736508889,True,aime-bench/attempts/20261003T224555.051695Z/trace/22/rollout-01/telemetry.json
bf16_flash_attn,20261003T224555.051695Z,scored,23,8192,0.15880148601718247,73.42512050003279,111.8112675816687,True,aime-bench/attempts/20261003T224555.051695Z/trace/23/rollout-01/telemetry.json
bf16_flash_attn,20261003T224555.051695Z,scored,24,5154,0.15867688204161823,44.03680984704988,117.46169792844624,True,aime-bench/attempts/20261003T224555.051695Z/trace/24/rollout-01/telemetry.json
bf16_flash_attn,20261003T224555.051695Z,scored,25,4444,0.09405484300805256,37.537878146977164,118.68446135758066,True,aime-bench/attempts/20261003T224555.051695Z/trace/25/rollout-01/telemetry.json
bf16_flash_attn,20261003T224555.051695Z,scored,26,6204,0.15667341800872236,53.9465006699902,115.33779372328176,True,aime-bench/attempts/20261003T224555.051695Z/trace/26/rollout-01/telemetry.json
bf16_flash_attn,20261003T224555.051695Z,scored,27,4109,0.2219650670303963,34.538235043000896,119.73912091486841,True,aime-bench/attempts/20261003T224555.051695Z/trace/27/rollout-01/telemetry.json
bf16_flash_attn,20261003T224555.051695Z,scored,28,8192,0.2223879100056365,73.43803839298198,111.88864601981176,True,aime-bench/attempts/20261003T224555.051695Z/trace/28/rollout-01/telemetry.json
bf16_flash_attn,20261003T224555.051695Z,scored,29,8192,0.22089541296008974,73.43703052500496,111.88790541133501,True,aime-bench/attempts/20261003T224555.051695Z/trace/29/rollout-01/telemetry.json
bf16_flash_attn,20261003T224555.051695Z,scored,30,8192,0.22130171401659027,73.43697198404698,111.8886157811118,True,aime-bench/attempts/20261003T224555.051695Z/trace/30/rollout-01/telemetry.json
nvfp4_flash_attn,20261003T225721.655059Z,scored,1,1584,0.10490200895583257,10.117306303989608,158.20375938930826,True,aime-bench/attempts/20261003T225721.655059Z/trace/01/rollout-01/telemetry.json
nvfp4_flash_attn,20261003T225721.655059Z,scored,2,8192,0.1316039380035363,59.60264135198668,137.74772319801258,True,aime-bench/attempts/20261003T225721.655059Z/trace/02/rollout-01/telemetry.json
nvfp4_flash_attn,20261003T225721.655059Z,scored,3,2018,0.18917294195853174,13.12212350097252,156.03554585565917,True,aime-bench/attempts/20261003T225721.655059Z/trace/03/rollout-01/telemetry.json
nvfp4_flash_attn,20261003T225721.655059Z,scored,4,2454,0.1305486909695901,16.11822140496224,153.49325970703805,True,aime-bench/attempts/20261003T225721.655059Z/trace/04/rollout-01/telemetry.json
nvfp4_flash_attn,20261003T225721.655059Z,scored,5,7937,0.11955573403974995,57.68368377099978,137.88100802819272,True,aime-bench/attempts/20261003T225721.655059Z/trace/05/rollout-01/telemetry.json
nvfp4_flash_attn,20261003T225721.655059Z,scored,6,2801,0.2606891579926014,18.57779486902291,152.91717175128144,False,aime-bench/attempts/20261003T225721.655059Z/trace/06/rollout-01/telemetry.json
nvfp4_flash_attn,20261003T225721.655059Z,scored,7,8192,0.17628329095896333,59.61171960196225,137.83023240772297,True,aime-bench/attempts/20261003T225721.655059Z/trace/07/rollout-01/telemetry.json
nvfp4_flash_attn,20261003T225721.655059Z,scored,8,6402,0.11776922596618533,45.90319510101108,139.8261537955766,True,aime-bench/attempts/20261003T225721.655059Z/trace/08/rollout-01/telemetry.json
nvfp4_flash_attn,20261003T225721.655059Z,scored,9,8192,0.17664191301446408,59.618734386982396,137.81479855520908,True,aime-bench/attempts/20261003T225721.655059Z/trace/09/rollout-01/telemetry.json
nvfp4_flash_attn,20261003T225721.655059Z,scored,10,8192,0.25735909899231046,59.61878448101925,138.00207706064148,True,aime-bench/attempts/20261003T225721.655059Z/trace/10/rollout-01/telemetry.json
nvfp4_flash_attn,20261003T225721.655059Z,scored,11,8192,0.17430282098939642,59.61664285801817,137.81422458969328,True,aime-bench/attempts/20261003T225721.655059Z/trace/11/rollout-01/telemetry.json
nvfp4_flash_attn,20261003T225721.655059Z,scored,12,8192,0.29650259896880016,59.618522348988336,138.0937472210275,True,aime-bench/attempts/20261003T225721.655059Z/trace/12/rollout-01/telemetry.json
nvfp4_flash_attn,20261003T225721.655059Z,scored,13,8192,0.17216596700018272,59.60728198895231,137.8309751591015,True,aime-bench/attempts/20261003T225721.655059Z/trace/13/rollout-01/telemetry.json
nvfp4_flash_attn,20261003T225721.655059Z,scored,14,8192,0.2556669079931453,59.61668905400438,138.00301450082867,True,aime-bench/attempts/20261003T225721.655059Z/trace/14/rollout-01/telemetry.json
nvfp4_flash_attn,20261003T225721.655059Z,scored,15,8192,0.2547147939912975,59.615836285986006,138.00278354081894,True,aime-bench/attempts/20261003T225721.655059Z/trace/15/rollout-01/telemetry.json
nvfp4_flash_attn,20261003T225721.655059Z,scored,16,3279,0.25382567796623334,22.10466357297264,150.06289533406647,True,aime-bench/attempts/20261003T225721.655059Z/trace/16/rollout-01/telemetry.json
nvfp4_flash_attn,20261003T225721.655059Z,scored,17,1129,0.1707553940359503,7.103005231008865,162.86198947685318,True,aime-bench/attempts/20261003T225721.655059Z/trace/17/rollout-01/telemetry.json
nvfp4_flash_attn,20261003T225721.655059Z,scored,18,6767,0.16932740900665522,48.89283750700997,138.8857244970393,True,aime-bench/attempts/20261003T225721.655059Z/trace/18/rollout-01/telemetry.json
nvfp4_flash_attn,20261003T225721.655059Z,scored,19,3697,0.2921571379993111,25.100474459992256,149.02260205784106,True,aime-bench/attempts/20261003T225721.655059Z/trace/19/rollout-01/telemetry.json
nvfp4_flash_attn,20261003T225721.655059Z,scored,20,8192,0.16934127500280738,59.61110209597973,137.81556748751382,True,aime-bench/attempts/20261003T225721.655059Z/trace/20/rollout-01/telemetry.json
nvfp4_flash_attn,20261003T225721.655059Z,scored,21,4902,0.251340713002719,34.10424180998234,144.80295162760393,True,aime-bench/attempts/20261003T225721.655059Z/trace/21/rollout-01/telemetry.json
nvfp4_flash_attn,20261003T225721.655059Z,scored,22,5674,0.24975198600441217,40.09732702700421,142.39260467323123,True,aime-bench/attempts/20261003T225721.655059Z/trace/22/rollout-01/telemetry.json
nvfp4_flash_attn,20261003T225721.655059Z,scored,23,8192,0.24878726695897058,59.61010343499947,138.00233095927354,True,aime-bench/attempts/20261003T225721.655059Z/trace/23/rollout-01/telemetry.json
nvfp4_flash_attn,20261003T225721.655059Z,scored,24,6910,0.16642701503587887,50.05286529002478,138.51459913634287,False,aime-bench/attempts/20261003T225721.655059Z/trace/24/rollout-01/telemetry.json
nvfp4_flash_attn,20261003T225721.655059Z,scored,25,4108,0.16544876096304506,28.092614558001515,147.09691738341854,True,aime-bench/attempts/20261003T225721.655059Z/trace/25/rollout-01/telemetry.json
nvfp4_flash_attn,20261003T225721.655059Z,scored,26,8192,0.24671083799330518,59.60797626996646,138.00244890985135,True,aime-bench/attempts/20261003T225721.655059Z/trace/26/rollout-01/telemetry.json
nvfp4_flash_attn,20261003T225721.655059Z,scored,27,5225,0.28637466399231926,36.59378185099922,143.91002841618052,False,aime-bench/attempts/20261003T225721.655059Z/trace/27/rollout-01/telemetry.json
nvfp4_flash_attn,20261003T225721.655059Z,scored,28,8192,0.2865169200231321,59.60845210100524,138.09394408674407,True,aime-bench/attempts/20261003T225721.655059Z/trace/28/rollout-01/telemetry.json
nvfp4_flash_attn,20261003T225721.655059Z,scored,29,8192,0.28529972000978887,59.60723768599564,138.09393760360877,True,aime-bench/attempts/20261003T225721.655059Z/trace/29/rollout-01/telemetry.json
nvfp4_flash_attn,20261003T225721.655059Z,scored,30,8192,0.2854351529967971,59.60744190902915,138.09377746930267,True,aime-bench/attempts/20261003T225721.655059Z/trace/30/rollout-01/telemetry.json
nvfp4_flash_attn,20261003T225920.250528Z,scored,1,1215,0.06583377195056528,7.658848745981231,160.0154884661094,True,aime-bench/attempts/20261003T225920.250528Z/trace/01/rollout-01/telemetry.json
nvfp4_flash_attn,20261003T225920.250528Z,scored,2,8192,0.09343183203600347,60.57274034904549,135.4512840981977,True,aime-bench/attempts/20261003T225920.250528Z/trace/02/rollout-01/telemetry.json
nvfp4_flash_attn,20261003T225920.250528Z,scored,3,2408,0.16393000300740823,15.920384642959107,152.82625787493663,True,aime-bench/attempts/20261003T225920.250528Z/trace/03/rollout-01/telemetry.json
nvfp4_flash_attn,20261003T225920.250528Z,scored,4,4320,0.09277074399869889,29.80655628000386,145.3870626738325,False,aime-bench/attempts/20261003T225920.250528Z/trace/04/rollout-01/telemetry.json
nvfp4_flash_attn,20261003T225920.250528Z,scored,5,6370,0.09164488298119977,45.92089861497516,138.99418998291534,True,aime-bench/attempts/20261003T225920.250528Z/trace/05/rollout-01/telemetry.json
nvfp4_flash_attn,20261003T225920.250528Z,scored,6,3238,0.24750478699570522,21.92136945197126,149.39652203478647,True,aime-bench/attempts/20261003T225920.250528Z/trace/06/rollout-01/telemetry.json
nvfp4_flash_attn,20261003T225920.250528Z,scored,7,8192,0.1608898779959418,60.583162698021624,135.5791435453076,True,aime-bench/attempts/20261003T225920.250528Z/trace/07/rollout-01/telemetry.json
nvfp4_flash_attn,20261003T225920.250528Z,scored,8,3913,0.08994901599362493,26.7807096199831,146.6050390266931,False,aime-bench/attempts/20261003T225920.250528Z/trace/08/rollout-01/telemetry.json
nvfp4_flash_attn,20261003T225920.250528Z,scored,9,8192,0.161099290009588,60.586469163012225,135.57219454704722,True,aime-bench/attempts/20261003T225920.250528Z/trace/09/rollout-01/telemetry.json
nvfp4_flash_attn,20261003T225920.250528Z,scored,10,8192,0.24428048497065902,60.598890456953086,135.73113973900018,True,aime-bench/attempts/20261003T225920.250528Z/trace/10/rollout-01/telemetry.json
nvfp4_flash_attn,20261003T225920.250528Z,scored,11,8192,0.15899362397613004,60.58102245698683,135.57969102031245,True,aime-bench/attempts/20261003T225920.250528Z/trace/11/rollout-01/telemetry.json
nvfp4_flash_attn,20261003T225920.250528Z,scored,12,8192,0.2811165149905719,60.598688939993735,135.81448441390205,True,aime-bench/attempts/20261003T225920.250528Z/trace/12/rollout-01/telemetry.json
nvfp4_flash_attn,20261003T225920.250528Z,scored,13,8192,0.15688476397190243,60.57516416098224,135.58810482122672,True,aime-bench/attempts/20261003T225920.250528Z/trace/13/rollout-01/telemetry.json
nvfp4_flash_attn,20261003T225920.250528Z,scored,14,8192,0.24254124599974602,60.5966714489623,135.7322186974022,True,aime-bench/attempts/20261003T225920.250528Z/trace/14/rollout-01/telemetry.json
nvfp4_flash_attn,20261003T225920.250528Z,scored,15,8192,0.24163975700503215,60.59589082602179,135.73194687864193,True,aime-bench/attempts/20261003T225920.250528Z/trace/15/rollout-01/telemetry.json
nvfp4_flash_attn,20261003T225920.250528Z,scored,16,3050,0.2408621099893935,20.521162149030715,150.39225229057203,False,aime-bench/attempts/20261003T225920.250528Z/trace/16/rollout-01/telemetry.json
nvfp4_flash_attn,20261003T225920.250528Z,scored,17,1988,0.15554630500264466,12.909080980985891,155.87835455089106,True,aime-bench/attempts/20261003T225920.250528Z/trace/17/rollout-01/telemetry.json
nvfp4_flash_attn,20261003T225920.250528Z,scored,18,7088,0.1541610190179199,51.90779676800594,136.95656155207604,True,aime-bench/attempts/20261003T225920.250528Z/trace/18/rollout-01/telemetry.json
nvfp4_flash_attn,20261003T225920.250528Z,scored,19,2827,0.27686769398860633,18.912624909949955,151.69761911143067,True,aime-bench/attempts/20261003T225920.250528Z/trace/19/rollout-01/telemetry.json
nvfp4_flash_attn,20261003T225920.250528Z,scored,20,8192,0.15396246704040095,60.57926933304407,135.57233591161062,True,aime-bench/attempts/20261003T225920.250528Z/trace/20/rollout-01/telemetry.json
nvfp4_flash_attn,20261003T225920.250528Z,scored,21,4193,0.23833588702837005,28.870356338040438,146.4444329792936,False,aime-bench/attempts/20261003T225920.250528Z/trace/21/rollout-01/telemetry.json
nvfp4_flash_attn,20261003T225920.250528Z,scored,22,7443,0.2368364779977128,54.90649236203171,136.14499450642583,True,aime-bench/attempts/20261003T225920.250528Z/trace/22/rollout-01/telemetry.json
nvfp4_flash_attn,20261003T225920.250528Z,scored,23,8192,0.23590361000970006,60.59047965798527,135.7312160305495,True,aime-bench/attempts/20261003T225920.250528Z/trace/23/rollout-01/telemetry.json
nvfp4_flash_attn,20261003T225920.250528Z,scored,24,6730,0.15126068401150405,48.90862861904316,138.0304205298286,True,aime-bench/attempts/20261003T225920.250528Z/trace/24/rollout-01/telemetry.json
nvfp4_flash_attn,20261003T225920.250528Z,scored,25,6003,0.15022507501998916,42.90867575601442,140.39330014050896,True,aime-bench/attempts/20261003T225920.250528Z/trace/25/rollout-01/telemetry.json
nvfp4_flash_attn,20261003T225920.250528Z,scored,26,8192,0.2337930349749513,60.588282730954234,135.73141022755988,True,aime-bench/attempts/20261003T225920.250528Z/trace/26/rollout-01/telemetry.json
nvfp4_flash_attn,20261003T225920.250528Z,scored,27,8192,0.27105526300147176,60.588706785056274,135.81430631470528,True,aime-bench/attempts/20261003T225920.250528Z/trace/27/rollout-01/telemetry.json
nvfp4_flash_attn,20261003T225920.250528Z,scored,28,8192,0.271384589956142,60.588823313999455,135.81478546327205,True,aime-bench/attempts/20261003T225920.250528Z/trace/28/rollout-01/telemetry.json
nvfp4_flash_attn,20261003T225920.250528Z,scored,29,8192,0.27024296001764014,60.58775457099546,135.8146213463662,True,aime-bench/attempts/20261003T225920.250528Z/trace/29/rollout-01/telemetry.json
nvfp4_flash_attn,20261003T225920.250528Z,scored,30,8192,0.2702756919898093,60.587779106979724,135.8146398009595,True,aime-bench/attempts/20261003T225920.250528Z/trace/30/rollout-01/telemetry.json
nvfp4_flash_attn,20261003T230059.890071Z,scored,1,1215,0.06703943200409412,7.6577884259750135,160.0632560719679,True,aime-bench/attempts/20261003T230059.890071Z/trace/01/rollout-01/telemetry.json
nvfp4_flash_attn,20261003T230059.890071Z,scored,2,8192,0.09443672699853778,60.5709516449715,135.4575410158998,True,aime-bench/attempts/20261003T230059.890071Z/trace/02/rollout-01/telemetry.json
nvfp4_flash_attn,20261003T230059.890071Z,scored,3,2408,0.16391078202286735,15.920117751986254,152.82866013314342,True,aime-bench/attempts/20261003T230059.890071Z/trace/03/rollout-01/telemetry.json
nvfp4_flash_attn,20261003T230059.890071Z,scored,4,4320,0.09381758701056242,29.811304177041166,145.36895598193829,False,aime-bench/attempts/20261003T230059.890071Z/trace/04/rollout-01/telemetry.json
nvfp4_flash_attn,20261003T230059.890071Z,scored,5,6369,0.09279433998744935,45.91762938600732,138.98577034928533,True,aime-bench/attempts/20261003T230059.890071Z/trace/05/rollout-01/telemetry.json
nvfp4_flash_attn,20261003T230059.890071Z,scored,6,3237,0.24637404299573973,21.91619155398803,149.37827687556626,True,aime-bench/attempts/20261003T230059.890071Z/trace/06/rollout-01/telemetry.json
nvfp4_flash_attn,20261003T230059.890071Z,scored,7,8192,0.1603425259818323,60.58052319899434,135.58383819363632,True,aime-bench/attempts/20261003T230059.890071Z/trace/07/rollout-01/telemetry.json
nvfp4_flash_attn,20261003T230059.890071Z,scored,8,3913,0.09050168399699032,26.782867138972506,146.5962245496908,False,aime-bench/attempts/20261003T230059.890071Z/trace/08/rollout-01/telemetry.json
nvfp4_flash_attn,20261003T230059.890071Z,scored,9,8192,0.16073995002079755,60.583647792984266,135.57771865747765,True,aime-bench/attempts/20261003T230059.890071Z/trace/09/rollout-01/telemetry.json
nvfp4_flash_attn,20261003T230059.890071Z,scored,10,8192,0.24322452198248357,60.59598002996063,135.7353103607189,True,aime-bench/attempts/20261003T230059.890071Z/trace/10/rollout-01/telemetry.json
nvfp4_flash_attn,20261003T230059.890071Z,scored,11,8192,0.1585200609988533,60.581963828008156,135.576516154691,True,aime-bench/attempts/20261003T230059.890071Z/trace/11/rollout-01/telemetry.json
nvfp4_flash_attn,20261003T230059.890071Z,scored,12,8192,0.2798786209896207,60.61329960101284,135.77880827795963,True,aime-bench/attempts/20261003T230059.890071Z/trace/12/rollout-01/telemetry.json
nvfp4_flash_attn,20261003T230059.890071Z,scored,13,8192,0.156294891028665,60.57280612899922,135.59207296384724,True,aime-bench/attempts/20261003T230059.890071Z/trace/13/rollout-01/telemetry.json
nvfp4_flash_attn,20261003T230059.890071Z,scored,14,8192,0.24145969504024833,60.59375852701487,135.73633744767784,True,aime-bench/attempts/20261003T230059.890071Z/trace/14/rollout-01/telemetry.json
nvfp4_flash_attn,20261003T230059.890071Z,scored,15,8192,0.2404733169823885,60.59295572299743,135.73592457869708,True,aime-bench/attempts/20261003T230059.890071Z/trace/15/rollout-01/telemetry.json
nvfp4_flash_attn,20261003T230059.890071Z,scored,16,3050,0.23970390600152314,20.52336880104849,150.3673037284684,False,aime-bench/attempts/20261003T230059.890071Z/trace/16/rollout-01/telemetry.json
nvfp4_flash_attn,20261003T230059.890071Z,scored,17,1988,0.15506573801394552,12.907864712004084,155.8873470878517,True,aime-bench/attempts/20261003T230059.890071Z/trace/17/rollout-01/telemetry.json
nvfp4_flash_attn,20261003T230059.890071Z,scored,18,7088,0.15364733996102586,51.90952088899212,136.95063987829633,True,aime-bench/attempts/20261003T230059.890071Z/trace/18/rollout-01/telemetry.json
nvfp4_flash_attn,20261003T230059.890071Z,scored,19,2826,0.27564859500853345,18.905947179999202,151.68839013008312,True,aime-bench/attempts/20261003T230059.890071Z/trace/19/rollout-01/telemetry.json
nvfp4_flash_attn,20261003T230059.890071Z,scored,20,8192,0.15360906801652163,60.576486153993756,135.5777876704447,True,aime-bench/attempts/20261003T230059.890071Z/trace/20/rollout-01/telemetry.json
nvfp4_flash_attn,20261003T230059.890071Z,scored,21,4193,0.23730129399336874,28.87436052801786,146.41866560858944,False,aime-bench/attempts/20261003T230059.890071Z/trace/21/rollout-01/telemetry.json
nvfp4_flash_attn,20261003T230059.890071Z,scored,22,7443,0.2358056409866549,54.90805808198638,136.13852855307562,True,aime-bench/attempts/20261003T230059.890071Z/trace/22/rollout-01/telemetry.json
nvfp4_flash_attn,20261003T230059.890071Z,scored,23,8192,0.23482390103163198,60.5875879250234,135.73529120792995,True,aime-bench/attempts/20261003T230059.890071Z/trace/23/rollout-01/telemetry.json
nvfp4_flash_attn,20261003T230059.890071Z,scored,24,6729,0.1508495580055751,48.903293012001086,138.02385118090987,True,aime-bench/attempts/20261003T230059.890071Z/trace/24/rollout-01/telemetry.json
nvfp4_flash_attn,20261003T230059.890071Z,scored,25,6002,0.14983917499193922,42.905919845972676,140.3776937878606,True,aime-bench/attempts/20261003T230059.890071Z/trace/25/rollout-01/telemetry.json
nvfp4_flash_attn,20261003T230059.890071Z,scored,26,8192,0.23264300503069535,60.58540012600133,135.7353067330464,True,aime-bench/attempts/20261003T230059.890071Z/trace/26/rollout-01/telemetry.json
nvfp4_flash_attn,20261003T230059.890071Z,scored,27,8192,0.2701192349777557,60.60348026297288,135.77894319858711,True,aime-bench/attempts/20261003T230059.890071Z/trace/27/rollout-01/telemetry.json
nvfp4_flash_attn,20261003T230059.890071Z,scored,28,8192,0.2701750199776143,60.60350023000501,135.77902380620802,True,aime-bench/attempts/20261003T230059.890071Z/trace/28/rollout-01/telemetry.json
nvfp4_flash_attn,20261003T230059.890071Z,scored,29,8192,0.2690713519696146,60.602454581006896,135.77889323563326,True,aime-bench/attempts/20261003T230059.890071Z/trace/29/rollout-01/telemetry.json
nvfp4_flash_attn,20261003T230059.890071Z,scored,30,8192,0.26909732999047264,60.60245506098727,135.778950618412,True,aime-bench/attempts/20261003T230059.890071Z/trace/30/rollout-01/telemetry.json
nvfp4_flashinfer_development,20261003T233132.790330Z,scored,1,1044,1.7769221130292863,9.490401559974998,135.3474793289804,True,aime-bench/attempts/20261003T233132.790330Z/trace/01/rollout-01/telemetry.json
nvfp4_flashinfer_development,20261003T233132.790330Z,scored,2,8192,3.479071584995836,60.839754896995146,142.81559296359205,True,aime-bench/attempts/20261003T233132.790330Z/trace/02/rollout-01/telemetry.json
nvfp4_flashinfer_development,20261003T233132.790330Z,scored,3,2105,3.5113049100036733,16.221910773019772,165.60972959793315,True,aime-bench/attempts/20261003T233132.790330Z/trace/03/rollout-01/telemetry.json
nvfp4_flashinfer_development,20261003T233132.790330Z,scored,4,2568,3.4787824329687282,19.217475345009007,163.164756714673,True,aime-bench/attempts/20261003T233132.790330Z/trace/04/rollout-01/telemetry.json
nvfp4_flashinfer_development,20261003T233132.790330Z,scored,5,5976,3.477616037998814,43.22297461697599,150.357179143955,True,aime-bench/attempts/20261003T233132.790330Z/trace/05/rollout-01/telemetry.json
nvfp4_flashinfer_development,20261003T233132.790330Z,scored,6,3453,3.562739081971813,25.219032000983134,159.44557145183094,True,aime-bench/attempts/20261003T233132.790330Z/trace/06/rollout-01/telemetry.json
nvfp4_flashinfer_development,20261003T233132.790330Z,scored,7,8192,3.508668589987792,60.847537660971284,142.86992632970478,True,aime-bench/attempts/20261003T233132.790330Z/trace/07/rollout-01/telemetry.json
nvfp4_flashinfer_development,20261003T233132.790330Z,scored,8,3888,3.476027160999365,28.21976014901884,157.13069656395453,True,aime-bench/attempts/20261003T233132.790330Z/trace/08/rollout-01/telemetry.json
nvfp4_flashinfer_development,20261003T233132.790330Z,scored,9,8192,3.50899137603119,60.844418647000566,142.87850269754338,True,aime-bench/attempts/20261003T233132.790330Z/trace/09/rollout-01/telemetry.json
nvfp4_flashinfer_development,20261003T233132.790330Z,scored,10,8192,3.559687244007364,60.8639277240145,142.9562617247864,True,aime-bench/attempts/20261003T233132.790330Z/trace/10/rollout-01/telemetry.json
nvfp4_flashinfer_development,20261003T233132.790330Z,scored,11,8192,3.5069300630129874,60.84552825597348,142.87060127336247,True,aime-bench/attempts/20261003T233132.790330Z/trace/11/rollout-01/telemetry.json
nvfp4_flashinfer_development,20261003T233132.790330Z,scored,12,8192,3.5960172749473713,60.86368908797158,143.04754743210844,True,aime-bench/attempts/20261003T233132.790330Z/trace/12/rollout-01/telemetry.json
nvfp4_flashinfer_development,20261003T233132.790330Z,scored,13,8192,3.473819134000223,60.83386703504948,142.8171750158205,True,aime-bench/attempts/20261003T233132.790330Z/trace/13/rollout-01/telemetry.json
nvfp4_flashinfer_development,20261003T233132.790330Z,scored,14,8192,3.558410831959918,60.8621414770023,142.95753361581058,True,aime-bench/attempts/20261003T233132.790330Z/trace/14/rollout-01/telemetry.json
nvfp4_flashinfer_development,20261003T233132.790330Z,scored,15,8192,3.5574654509546235,60.86141983495327,142.95697544893176,True,aime-bench/attempts/20261003T233132.790330Z/trace/15/rollout-01/telemetry.json
nvfp4_flashinfer_development,20261003T233132.790330Z,scored,16,2979,3.5567943229689263,21.96788989700144,161.8046024486266,False,aime-bench/attempts/20261003T233132.790330Z/trace/16/rollout-01/telemetry.json
nvfp4_flashinfer_development,20261003T233132.790330Z,scored,17,1643,3.5037032169639133,13.212219220004044,169.23286725649007,True,aime-bench/attempts/20261003T233132.790330Z/trace/17/rollout-01/telemetry.json
nvfp4_flashinfer_development,20261003T233132.790330Z,scored,18,8192,3.5023229910293594,60.84118314500665,142.86994854800517,True,aime-bench/attempts/20261003T233132.790330Z/trace/18/rollout-01/telemetry.json
nvfp4_flashinfer_development,20261003T233132.790330Z,scored,19,4336,3.5920158780063502,31.408208328997716,155.8804285539614,False,aime-bench/attempts/20261003T233132.790330Z/trace/19/rollout-01/telemetry.json
nvfp4_flashinfer_development,20261003T233132.790330Z,scored,20,8192,3.502434348978568,60.840455542027485,142.8720389986726,True,aime-bench/attempts/20261003T233132.790330Z/trace/20/rollout-01/telemetry.json
nvfp4_flashinfer_development,20261003T233132.790330Z,scored,21,5150,3.5542836990207434,37.211090005002916,153.0151124019345,True,aime-bench/attempts/20261003T233132.790330Z/trace/21/rollout-01/telemetry.json
nvfp4_flashinfer_development,20261003T233132.790330Z,scored,22,4309,3.5527113240095787,31.213956751977094,155.7775123040299,True,aime-bench/attempts/20261003T233132.790330Z/trace/22/rollout-01/telemetry.json
nvfp4_flashinfer_development,20261003T233132.790330Z,scored,23,8192,3.5517243139911443,60.85592950799037,142.95634975245846,True,aime-bench/attempts/20261003T233132.790330Z/trace/23/rollout-01/telemetry.json
nvfp4_flashinfer_development,20261003T233132.790330Z,scored,24,6380,3.4997876809793524,46.2146945289569,149.36237652832617,True,aime-bench/attempts/20261003T233132.790330Z/trace/24/rollout-01/telemetry.json
nvfp4_flashinfer_development,20261003T233132.790330Z,scored,25,4732,3.498949480999727,34.20649751700694,154.0989203843735,True,aime-bench/attempts/20261003T233132.790330Z/trace/25/rollout-01/telemetry.json
nvfp4_flashinfer_development,20261003T233132.790330Z,scored,26,7465,3.499216500960756,54.03388465096941,147.72037243503144,True,aime-bench/attempts/20261003T233132.790330Z/trace/26/rollout-01/telemetry.json
nvfp4_flashinfer_development,20261003T233132.790330Z,scored,27,6781,3.5867611819994636,49.20790387300076,148.63722388386256,True,aime-bench/attempts/20261003T233132.790330Z/trace/27/rollout-01/telemetry.json
nvfp4_flashinfer_development,20261003T233132.790330Z,scored,28,8192,3.5868378650047816,60.85432608402334,143.04800602865333,True,aime-bench/attempts/20261003T233132.790330Z/trace/28/rollout-01/telemetry.json
nvfp4_flashinfer_development,20261003T233132.790330Z,scored,29,8192,3.585612861032132,60.85321383003611,143.04772439191072,True,aime-bench/attempts/20261003T233132.790330Z/trace/29/rollout-01/telemetry.json
nvfp4_flashinfer_development,20261003T233132.790330Z,scored,30,8192,3.58570293901721,60.85324413701892,143.04787369299262,True,aime-bench/attempts/20261003T233132.790330Z/trace/30/rollout-01/telemetry.json
nvfp4_flashinfer_development,20261003T233317.639206Z,scored,1,1315,0.07183491898467764,7.829956874018535,169.49978456406737,True,aime-bench/attempts/20261003T233317.639206Z/trace/01/rollout-01/telemetry.json
nvfp4_flashinfer_development,20261003T233317.639206Z,scored,2,8192,0.10315362102119252,56.054730504984036,146.4123167965269,True,aime-bench/attempts/20261003T233317.639206Z/trace/02/rollout-01/telemetry.json
nvfp4_flashinfer_development,20261003T233317.639206Z,scored,3,2244,0.16426485701231286,13.828690477006603,164.22205092298185,True,aime-bench/attempts/20261003T233317.639206Z/trace/03/rollout-01/telemetry.json
nvfp4_flashinfer_development,20261003T233317.639206Z,scored,4,5152,0.10246607300359756,33.96797263500048,152.131195515069,False,aime-bench/attempts/20261003T233317.639206Z/trace/04/rollout-01/telemetry.json
nvfp4_flashinfer_development,20261003T233317.639206Z,scored,5,6489,0.10092823195736855,43.83271469397005,148.38177273266953,True,aime-bench/attempts/20261003T233317.639206Z/trace/05/rollout-01/telemetry.json
nvfp4_flashinfer_development,20261003T233317.639206Z,scored,6,3262,0.24588803702499717,20.62955122301355,160.0301167771578,False,aime-bench/attempts/20261003T233317.639206Z/trace/06/rollout-01/telemetry.json
nvfp4_flashinfer_development,20261003T233317.639206Z,scored,7,8192,0.16073923197109252,56.06349091097945,146.5401926373531,True,aime-bench/attempts/20261003T233317.639206Z/trace/07/rollout-01/telemetry.json
nvfp4_flashinfer_development,20261003T233317.639206Z,scored,8,3948,0.09911617601756006,25.310645617020782,156.59502170380426,False,aime-bench/attempts/20261003T233317.639206Z/trace/08/rollout-01/telemetry.json
nvfp4_flashinfer_development,20261003T233317.639206Z,scored,9,8192,0.1609632020117715,56.0665950870025,146.53264302338292,True,aime-bench/attempts/20261003T233317.639206Z/trace/09/rollout-01/telemetry.json
nvfp4_flashinfer_development,20261003T233317.639206Z,scored,10,8192,0.24263041297672316,56.081250296963844,146.70849704058006,True,aime-bench/attempts/20261003T233317.639206Z/trace/10/rollout-01/telemetry.json
nvfp4_flashinfer_development,20261003T233317.639206Z,scored,11,8192,0.15877771598752588,56.0612322089728,146.5409716674953,True,aime-bench/attempts/20261003T233317.639206Z/trace/11/rollout-01/telemetry.json
nvfp4_flashinfer_development,20261003T233317.639206Z,scored,12,8192,0.2824405569699593,56.08071641699644,146.81457220201844,True,aime-bench/attempts/20261003T233317.639206Z/trace/12/rollout-01/telemetry.json
nvfp4_flashinfer_development,20261003T233317.639206Z,scored,13,8192,0.1566131099825725,56.055614462005906,146.55002418399164,True,aime-bench/attempts/20261003T233317.639206Z/trace/13/rollout-01/telemetry.json
nvfp4_flashinfer_development,20261003T233317.639206Z,scored,14,8192,0.24084898602450266,56.0789863760001,146.70976473994415,True,aime-bench/attempts/20261003T233317.639206Z/trace/14/rollout-01/telemetry.json
nvfp4_flashinfer_development,20261003T233317.639206Z,scored,15,8192,0.2398545520263724,56.0781948530348,146.70923161109883,True,aime-bench/attempts/20261003T233317.639206Z/trace/15/rollout-01/telemetry.json
nvfp4_flashinfer_development,20261003T233317.639206Z,scored,16,3144,0.23906777799129486,19.826119468023535,160.51420345206762,True,aime-bench/attempts/20261003T233317.639206Z/trace/16/rollout-01/telemetry.json
nvfp4_flashinfer_development,20261003T233317.639206Z,scored,17,1788,0.15524274302879348,10.823300508025568,167.6031419577283,True,aime-bench/attempts/20261003T233317.639206Z/trace/17/rollout-01/telemetry.json
nvfp4_flashinfer_development,20261003T233317.639206Z,scored,18,7916,0.1538847380434163,54.10963449004339,146.71281626860497,True,aime-bench/attempts/20261003T233317.639206Z/trace/18/rollout-01/telemetry.json
nvfp4_flashinfer_development,20261003T233317.639206Z,scored,19,3583,0.27814285398926586,22.82059236295754,158.9445724864346,True,aime-bench/attempts/20261003T233317.639206Z/trace/19/rollout-01/telemetry.json
nvfp4_flashinfer_development,20261003T233317.639206Z,scored,20,8192,0.15367067698389292,56.0593102069688,146.5326229853114,True,aime-bench/attempts/20261003T233317.639206Z/trace/20/rollout-01/telemetry.json
nvfp4_flashinfer_development,20261003T233317.639206Z,scored,21,5268,0.23661989095853642,34.82299747696379,152.3143031356831,True,aime-bench/attempts/20261003T233317.639206Z/trace/21/rollout-01/telemetry.json
nvfp4_flashinfer_development,20261003T233317.639206Z,scored,22,4857,0.23507221200270578,31.816857094992884,153.7911811506246,True,aime-bench/attempts/20261003T233317.639206Z/trace/22/rollout-01/telemetry.json
nvfp4_flashinfer_development,20261003T233317.639206Z,scored,23,8192,0.23405964398989454,56.0579012070084,146.7473353791355,True,aime-bench/attempts/20261003T233317.639206Z/trace/23/rollout-01/telemetry.json
nvfp4_flashinfer_development,20261003T233317.639206Z,scored,24,7494,0.15094852703623474,51.10888898104895,147.06245843595275,True,aime-bench/attempts/20261003T233317.639206Z/trace/24/rollout-01/telemetry.json
nvfp4_flashinfer_development,20261003T233317.639206Z,scored,25,2701,0.14987410401226953,16.81567558500683,162.06841315613784,True,aime-bench/attempts/20261003T233317.639206Z/trace/25/rollout-01/telemetry.json
nvfp4_flashinfer_development,20261003T233317.639206Z,scored,26,6888,0.23189220298081636,46.81609663198469,147.86127796810564,True,aime-bench/attempts/20261003T233317.639206Z/trace/26/rollout-01/telemetry.json
nvfp4_flashinfer_development,20261003T233317.639206Z,scored,27,6084,0.27222403400810435,40.81952136103064,150.04699205797252,True,aime-bench/attempts/20261003T233317.639206Z/trace/27/rollout-01/telemetry.json
nvfp4_flashinfer_development,20261003T233317.639206Z,scored,28,8192,0.27253615797962993,56.070802650996484,146.81459684818753,True,aime-bench/attempts/20261003T233317.639206Z/trace/28/rollout-01/telemetry.json
nvfp4_flashinfer_development,20261003T233317.639206Z,scored,29,8192,0.2712116169859655,56.069659119006246,146.8141205846882,True,aime-bench/attempts/20261003T233317.639206Z/trace/29/rollout-01/telemetry.json
nvfp4_flashinfer_development,20261003T233317.639206Z,scored,30,8192,0.27149362600175664,56.06978967401665,146.81451908407234,True,aime-bench/attempts/20261003T233317.639206Z/trace/30/rollout-01/telemetry.json
nvfp4_flashinfer_development,20261003T233424.568380Z,scored,1,1315,0.15623521897941828,7.913592871977016,169.51648471330412,True,aime-bench/attempts/20261003T233424.568380Z/trace/01/rollout-01/telemetry.json
nvfp4_flashinfer_development,20261003T233424.568380Z,scored,2,8192,0.1867858440382406,56.139800949022174,146.40855340198297,True,aime-bench/attempts/20261003T233424.568380Z/trace/02/rollout-01/telemetry.json
nvfp4_flashinfer_development,20261003T233424.568380Z,scored,3,2245,0.2481308410060592,13.916640336043201,164.24614555194407,True,aime-bench/attempts/20261003T233424.568380Z/trace/03/rollout-01/telemetry.json
nvfp4_flashinfer_development,20261003T233424.568380Z,scored,4,5152,0.1858066190034151,34.05298891302664,152.12366813607665,False,aime-bench/attempts/20261003T233424.568380Z/trace/04/rollout-01/telemetry.json
nvfp4_flashinfer_development,20261003T233424.568380Z,scored,5,6489,0.18464781797956675,43.91718155698618,148.3792372682086,True,aime-bench/attempts/20261003T233424.568380Z/trace/05/rollout-01/telemetry.json
nvfp4_flashinfer_development,20261003T233424.568380Z,scored,6,3262,0.3301593330106698,20.70910720602842,160.06714479695842,False,aime-bench/attempts/20261003T233424.568380Z/trace/06/rollout-01/telemetry.json
nvfp4_flashinfer_development,20261003T233424.568380Z,scored,7,8192,0.24441219301661476,56.14824081299594,146.5373696618747,True,aime-bench/attempts/20261003T233424.568380Z/trace/07/rollout-01/telemetry.json
nvfp4_flashinfer_development,20261003T233424.568380Z,scored,8,3948,0.182343068998307,25.394001164997462,156.59422260000065,False,aime-bench/attempts/20261003T233424.568380Z/trace/08/rollout-01/telemetry.json
nvfp4_flashinfer_development,20261003T233424.568380Z,scored,9,8192,0.24469475203659385,56.15141194401076,146.52979841170185,True,aime-bench/attempts/20261003T233424.568380Z/trace/09/rollout-01/telemetry.json
nvfp4_flashinfer_development,20261003T233424.568380Z,scored,10,8192,0.32692657597362995,56.1630046350183,146.71517564928632,True,aime-bench/attempts/20261003T233424.568380Z/trace/10/rollout-01/telemetry.json
nvfp4_flashinfer_development,20261003T233424.568380Z,scored,11,8192,0.2424775580293499,56.1496571470052,146.52858649330528,True,aime-bench/attempts/20261003T233424.568380Z/trace/11/rollout-01/telemetry.json
nvfp4_flashinfer_development,20261003T233424.568380Z,scored,12,8192,0.2858317330246791,56.08145845599938,146.8215428544836,True,aime-bench/attempts/20261003T233424.568380Z/trace/12/rollout-01/telemetry.json
nvfp4_flashinfer_development,20261003T233424.568380Z,scored,13,8192,0.15866844897391275,56.05879077396821,146.54708539586073,True,aime-bench/attempts/20261003T233424.568380Z/trace/13/rollout-01/telemetry.json
nvfp4_flashinfer_development,20261003T233424.568380Z,scored,14,8192,0.24342348997015506,56.0789976560045,146.7164996931888,True,aime-bench/attempts/20261003T233424.568380Z/trace/14/rollout-01/telemetry.json
nvfp4_flashinfer_development,20261003T233424.568380Z,scored,15,8192,0.24240945995552465,56.07812796597136,146.7161204188208,True,aime-bench/attempts/20261003T233424.568380Z/trace/15/rollout-01/telemetry.json
nvfp4_flashinfer_development,20261003T233424.568380Z,scored,16,3144,0.241524251003284,19.82457357295789,160.54700921757134,True,aime-bench/attempts/20261003T233424.568380Z/trace/16/rollout-01/telemetry.json
nvfp4_flashinfer_development,20261003T233424.568380Z,scored,17,1788,0.15707533300155774,10.823414363025222,167.63014891680535,True,aime-bench/attempts/20261003T233424.568380Z/trace/17/rollout-01/telemetry.json
nvfp4_flashinfer_development,20261003T233424.568380Z,scored,18,7916,0.1555489730089903,54.11304111499339,146.70807863289386,True,aime-bench/attempts/20261003T233424.568380Z/trace/18/rollout-01/telemetry.json
nvfp4_flashinfer_development,20261003T233424.568380Z,scored,19,3584,0.28059234598185867,22.825344654964283,158.97269355104157,True,aime-bench/attempts/20261003T233424.568380Z/trace/19/rollout-01/telemetry.json
nvfp4_flashinfer_development,20261003T233424.568380Z,scored,20,8192,0.15536475798580796,56.062051282962784,146.52987878900902,True,aime-bench/attempts/20261003T233424.568380Z/trace/20/rollout-01/telemetry.json
nvfp4_flashinfer_development,20261003T233424.568380Z,scored,21,5267,0.23887098004342988,34.81877940404229,152.3138793607863,True,aime-bench/attempts/20261003T233424.568380Z/trace/21/rollout-01/telemetry.json
nvfp4_flashinfer_development,20261003T233424.568380Z,scored,22,4857,0.23728541901800781,31.819413661025465,153.78950914206263,True,aime-bench/attempts/20261003T233424.568380Z/trace/22/rollout-01/telemetry.json
nvfp4_flashinfer_development,20261003T233424.568380Z,scored,23,8192,0.23615594301372766,56.06045366899343,146.74613624718432,True,aime-bench/attempts/20261003T233424.568380Z/trace/23/rollout-01/telemetry.json
nvfp4_flashinfer_development,20261003T233424.568380Z,scored,24,7493,0.1524640730349347,51.103118183033075,147.06386269003042,True,aime-bench/attempts/20261003T233424.568380Z/trace/24/rollout-01/telemetry.json
nvfp4_flashinfer_development,20261003T233424.568380Z,scored,25,2701,0.15144151699496433,16.815257795969956,162.08772077065538,True,aime-bench/attempts/20261003T233424.568380Z/trace/25/rollout-01/telemetry.json
nvfp4_flashinfer_development,20261003T233424.568380Z,scored,26,6888,0.23403788398718461,46.81704112299485,147.8650907211609,True,aime-bench/attempts/20261003T233424.568380Z/trace/26/rollout-01/telemetry.json
nvfp4_flashinfer_development,20261003T233424.568380Z,scored,27,6083,0.2748273239703849,40.81575629999861,150.0458956822836,True,aime-bench/attempts/20261003T233424.568380Z/trace/27/rollout-01/telemetry.json
nvfp4_flashinfer_development,20261003T233424.568380Z,scored,28,8192,0.2749064620002173,56.07037275400944,146.82196501641607,True,aime-bench/attempts/20261003T233424.568380Z/trace/28/rollout-01/telemetry.json
nvfp4_flashinfer_development,20261003T233424.568380Z,scored,29,8192,0.2736391280195676,56.06920120003633,146.82171297828984,True,aime-bench/attempts/20261003T233424.568380Z/trace/29/rollout-01/telemetry.json
nvfp4_flashinfer_development,20261003T233424.568380Z,scored,30,8192,0.2737324619665742,56.06926423701225,146.82179270247298,True,aime-bench/attempts/20261003T233424.568380Z/trace/30/rollout-01/telemetry.json
nvfp4_flashinfer_validation,20261003T233726.660316Z,settling,1,1047,0.09601621702313423,6.187020117009524,171.89284676083355,True,aime-bench/attempts/20261003T233726.660316Z/trace/01/rollout-01/telemetry.json
nvfp4_flashinfer_validation,20261003T233726.660316Z,settling,2,8192,0.12569840700598434,56.77210193499923,144.61641851546176,True,aime-bench/attempts/20261003T233726.660316Z/trace/02/rollout-01/telemetry.json
nvfp4_flashinfer_validation,20261003T233726.660316Z,settling,3,2000,0.18063654197612777,12.187620613956824,166.56972208926032,True,aime-bench/attempts/20261003T233726.660316Z/trace/03/rollout-01/telemetry.json
nvfp4_flashinfer_validation,20261003T233726.660316Z,settling,4,3797,0.17920249397866428,24.186792097985744,158.15831837471293,True,aime-bench/attempts/20261003T233726.660316Z/trace/04/rollout-01/telemetry.json
nvfp4_flashinfer_validation,20261003T233726.660316Z,settling,5,5888,0.12347581301582977,39.18829577701399,150.7238483481131,True,aime-bench/attempts/20261003T233726.660316Z/trace/05/rollout-01/telemetry.json
nvfp4_flashinfer_validation,20261003T233726.660316Z,settling,6,2466,0.26113273698138073,15.188216893991921,165.20306136559412,True,aime-bench/attempts/20261003T233726.660316Z/trace/06/rollout-01/telemetry.json
nvfp4_flashinfer_validation,20261003T233726.660316Z,settling,7,8192,0.17768365901429206,56.78248235798674,144.7227123545748,True,aime-bench/attempts/20261003T233726.660316Z/trace/07/rollout-01/telemetry.json
nvfp4_flashinfer_validation,20261003T233726.660316Z,settling,8,2920,0.12203581404173747,18.184840892034117,161.6581692263131,True,aime-bench/attempts/20261003T233726.660316Z/trace/08/rollout-01/telemetry.json
nvfp4_flashinfer_validation,20261003T233726.660316Z,settling,9,8192,0.2579907299950719,56.80089524202049,144.881131782994,True,aime-bench/attempts/20261003T233726.660316Z/trace/09/rollout-01/telemetry.json
nvfp4_flashinfer_validation,20261003T233726.660316Z,settling,10,8192,0.2591083439765498,56.80073202698259,144.88441375379463,True,aime-bench/attempts/20261003T233726.660316Z/trace/10/rollout-01/telemetry.json
nvfp4_flashinfer_validation,20261003T233726.660316Z,settling,11,8192,0.1758749890141189,56.784033544012345,144.71412264790382,True,aime-bench/attempts/20261003T233726.660316Z/trace/11/rollout-01/telemetry.json
nvfp4_flashinfer_validation,20261003T233726.660316Z,settling,12,8192,0.2998874770128168,56.80053724104073,144.98948302742482,True,aime-bench/attempts/20261003T233726.660316Z/trace/12/rollout-01/telemetry.json
nvfp4_flashinfer_validation,20261003T233726.660316Z,settling,13,8192,0.17365781404078007,56.774695556028746,144.73232871352434,True,aime-bench/attempts/20261003T233726.660316Z/trace/13/rollout-01/telemetry.json
nvfp4_flashinfer_validation,20261003T233726.660316Z,settling,14,8192,0.25621146598132327,56.79856193001615,144.88255144629557,True,aime-bench/attempts/20261003T233726.660316Z/trace/14/rollout-01/telemetry.json
nvfp4_flashinfer_validation,20261003T233726.660316Z,settling,15,8192,0.2552346959710121,56.797729299985804,144.88218210694808,True,aime-bench/attempts/20261003T233726.660316Z/trace/15/rollout-01/telemetry.json
nvfp4_flashinfer_validation,20261003T233726.660316Z,settling,16,4223,0.25440450897440314,27.182886444963515,156.8228023413413,True,aime-bench/attempts/20261003T233726.660316Z/trace/16/rollout-01/telemetry.json
nvfp4_flashinfer_validation,20261003T233726.660316Z,settling,17,1532,0.1724200249882415,9.176931207999587,170.1369423462317,True,aime-bench/attempts/20261003T233726.660316Z/trace/17/rollout-01/telemetry.json
nvfp4_flashinfer_validation,20261003T233726.660316Z,settling,18,8192,0.17090200999518856,56.77942297497066,144.71319618240003,True,aime-bench/attempts/20261003T233726.660316Z/trace/18/rollout-01/telemetry.json
nvfp4_flashinfer_validation,20261003T233726.660316Z,settling,19,5057,0.29565934400307015,33.17851763899671,153.78833417196947,True,aime-bench/attempts/20261003T233726.660316Z/trace/19/rollout-01/telemetry.json
nvfp4_flashinfer_validation,20261003T233726.660316Z,settling,20,8192,0.17086813802598044,56.77869618398836,144.71496757212722,True,aime-bench/attempts/20261003T233726.660316Z/trace/20/rollout-01/telemetry.json
nvfp4_flashinfer_validation,20261003T233726.660316Z,settling,21,4642,0.2520290490356274,30.176386126026046,155.12446894203615,True,aime-bench/attempts/20261003T233726.660316Z/trace/21/rollout-01/telemetry.json
nvfp4_flashinfer_validation,20261003T233726.660316Z,settling,22,5100,0.25047835300210863,33.47119960701093,153.51864160338093,False,aime-bench/attempts/20261003T233726.660316Z/trace/22/rollout-01/telemetry.json
nvfp4_flashinfer_validation,20261003T233726.660316Z,settling,23,8192,0.2495002499781549,56.79234001098666,144.88129769614326,True,aime-bench/attempts/20261003T233726.660316Z/trace/23/rollout-01/telemetry.json
nvfp4_flashinfer_validation,20261003T233726.660316Z,settling,24,8192,0.16818894702009857,56.77602987800492,144.71493463224516,True,aime-bench/attempts/20261003T233726.660316Z/trace/24/rollout-01/telemetry.json
nvfp4_flashinfer_validation,20261003T233726.660316Z,settling,25,3361,0.16716999700292945,21.17133260401897,160.01590079469875,True,aime-bench/attempts/20261003T233726.660316Z/trace/25/rollout-01/telemetry.json
nvfp4_flashinfer_validation,20261003T233726.660316Z,settling,26,6293,0.24742448003962636,42.17157926800428,150.10439761582404,True,aime-bench/attempts/20261003T233726.660316Z/trace/26/rollout-01/telemetry.json
nvfp4_flashinfer_validation,20261003T233726.660316Z,settling,27,8192,0.29009470698656514,56.790617052989546,144.9898100026951,True,aime-bench/attempts/20261003T233726.660316Z/trace/27/rollout-01/telemetry.json
nvfp4_flashinfer_validation,20261003T233726.660316Z,settling,28,8192,0.2901702389935963,56.790638493024744,144.98994881189367,True,aime-bench/attempts/20261003T233726.660316Z/trace/28/rollout-01/telemetry.json
nvfp4_flashinfer_validation,20261003T233726.660316Z,settling,29,8192,0.28900355304358527,56.78960477601504,144.98960759145652,True,aime-bench/attempts/20261003T233726.660316Z/trace/29/rollout-01/telemetry.json
nvfp4_flashinfer_validation,20261003T233726.660316Z,settling,30,8192,0.28909448301419616,56.78962676698575,144.98978450020658,True,aime-bench/attempts/20261003T233726.660316Z/trace/30/rollout-01/telemetry.json
nvfp4_flashinfer_validation,20261003T233946.145732Z,scored,1,1723,0.1266729490016587,10.367293235030957,168.25152694613547,False,aime-bench/attempts/20261003T233946.145732Z/trace/01/rollout-01/telemetry.json
nvfp4_flashinfer_validation,20261003T233946.145732Z,scored,2,8192,0.12623592099407688,56.37436112103751,145.64040971793446,True,aime-bench/attempts/20261003T233946.145732Z/trace/02/rollout-01/telemetry.json
nvfp4_flashinfer_validation,20261003T233946.145732Z,scored,3,2228,0.16400336497463286,13.689152899954934,164.73015653081615,True,aime-bench/attempts/20261003T233946.145732Z/trace/03/rollout-01/telemetry.json
nvfp4_flashinfer_validation,20261003T233946.145732Z,scored,4,3570,0.12554904399439692,22.68067760404665,158.27885841993754,False,aime-bench/attempts/20261003T233946.145732Z/trace/04/rollout-01/telemetry.json
nvfp4_flashinfer_validation,20261003T233946.145732Z,scored,5,5589,0.12447937903925776,37.28896907198941,150.38549018635373,True,aime-bench/attempts/20261003T233946.145732Z/trace/05/rollout-01/telemetry.json
nvfp4_flashinfer_validation,20261003T233946.145732Z,scored,6,2684,0.2666912890272215,16.684862071997486,163.4774077745602,True,aime-bench/attempts/20261003T233946.145732Z/trace/06/rollout-01/telemetry.json
nvfp4_flashinfer_validation,20261003T233946.145732Z,scored,7,8192,0.16114290500991046,56.384908354026265,145.70351050977715,True,aime-bench/attempts/20261003T233946.145732Z/trace/07/rollout-01/telemetry.json
nvfp4_flashinfer_validation,20261003T233946.145732Z,scored,8,3999,0.12289828696520999,25.687230682000518,156.42888451789264,True,aime-bench/attempts/20261003T233946.145732Z/trace/08/rollout-01/telemetry.json
nvfp4_flashinfer_validation,20261003T233946.145732Z,scored,9,8192,0.16166700702160597,56.38822688104119,145.6962691360609,True,aime-bench/attempts/20261003T233946.145732Z/trace/09/rollout-01/telemetry.json
nvfp4_flashinfer_validation,20261003T233946.145732Z,scored,10,8192,0.2635423490428366,56.40644568699645,145.91336594561295,True,aime-bench/attempts/20261003T233946.145732Z/trace/10/rollout-01/telemetry.json
nvfp4_flashinfer_validation,20261003T233946.145732Z,scored,11,8192,0.15940716199111193,56.38669316697633,145.69438758388023,True,aime-bench/attempts/20261003T233946.145732Z/trace/11/rollout-01/telemetry.json
nvfp4_flashinfer_validation,20261003T233946.145732Z,scored,12,8192,0.2894535179948434,56.419957915029954,145.94559746077593,True,aime-bench/attempts/20261003T233946.145732Z/trace/12/rollout-01/telemetry.json
nvfp4_flashinfer_validation,20261003T233946.145732Z,scored,13,8192,0.1574780480004847,56.377423738944344,145.7134100597255,True,aime-bench/attempts/20261003T233946.145732Z/trace/13/rollout-01/telemetry.json
nvfp4_flashinfer_validation,20261003T233946.145732Z,scored,14,8192,0.262328554992564,56.40476616099477,145.9145763760744,True,aime-bench/attempts/20261003T233946.145732Z/trace/14/rollout-01/telemetry.json
nvfp4_flashinfer_validation,20261003T233946.145732Z,scored,15,8192,0.26141031400766224,56.40404843603028,145.91405523543773,True,aime-bench/attempts/20261003T233946.145732Z/trace/15/rollout-01/telemetry.json
nvfp4_flashinfer_validation,20261003T233946.145732Z,scored,16,2904,0.2606724519864656,18.14294858596986,162.3954343530828,False,aime-bench/attempts/20261003T233946.145732Z/trace/16/rollout-01/telemetry.json
nvfp4_flashinfer_validation,20261003T233946.145732Z,scored,17,1294,0.15657619899138808,7.680689845001325,171.98039010032932,True,aime-bench/attempts/20261003T233946.145732Z/trace/17/rollout-01/telemetry.json
nvfp4_flashinfer_validation,20261003T233946.145732Z,scored,18,8192,0.15502260701032355,56.38254759000847,145.69376835414798,True,aime-bench/attempts/20261003T233946.145732Z/trace/18/rollout-01/telemetry.json
nvfp4_flashinfer_validation,20261003T233946.145732Z,scored,19,7185,0.2856021319748834,49.28684693999821,146.628928063957,True,aime-bench/attempts/20261003T233946.145732Z/trace/19/rollout-01/telemetry.json
nvfp4_flashinfer_validation,20261003T233946.145732Z,scored,20,8192,0.1550843939767219,56.38161996199051,145.69633211867804,True,aime-bench/attempts/20261003T233946.145732Z/trace/20/rollout-01/telemetry.json
nvfp4_flashinfer_validation,20261003T233946.145732Z,scored,21,6999,0.2583042240003124,47.95949548203498,146.7258954213456,False,aime-bench/attempts/20261003T233946.145732Z/trace/21/rollout-01/telemetry.json
nvfp4_flashinfer_validation,20261003T233946.145732Z,scored,22,4416,0.2567074719700031,28.67776505299844,155.37775071916252,True,aime-bench/attempts/20261003T233946.145732Z/trace/22/rollout-01/telemetry.json
nvfp4_flashinfer_validation,20261003T233946.145732Z,scored,23,8192,0.1803112500347197,56.38032854202902,145.76507970517923,True,aime-bench/attempts/20261003T233946.145732Z/trace/23/rollout-01/telemetry.json
nvfp4_flashinfer_validation,20261003T233946.145732Z,scored,24,6778,0.15256045397836715,46.27808591799112,146.94683544121816,True,aime-bench/attempts/20261003T233946.145732Z/trace/24/rollout-01/telemetry.json
nvfp4_flashinfer_validation,20261003T233946.145732Z,scored,25,4832,0.15147932898253202,31.675707683956716,153.27893027515017,True,aime-bench/attempts/20261003T233946.145732Z/trace/25/rollout-01/telemetry.json
nvfp4_flashinfer_validation,20261003T233946.145732Z,scored,26,5986,0.17848904599668458,40.28144559497014,149.26580270185164,True,aime-bench/attempts/20261003T233946.145732Z/trace/26/rollout-01/telemetry.json
nvfp4_flashinfer_validation,20261003T233946.145732Z,scored,27,6380,0.2552246440318413,43.27577128499979,148.30123041543138,True,aime-bench/attempts/20261003T233946.145732Z/trace/27/rollout-01/telemetry.json
nvfp4_flashinfer_validation,20261003T233946.145732Z,scored,28,8192,0.2808114860090427,56.41113794001285,145.94606013405183,True,aime-bench/attempts/20261003T233946.145732Z/trace/28/rollout-01/telemetry.json
nvfp4_flashinfer_validation,20261003T233946.145732Z,scored,29,8192,0.25434641796164215,56.39645769295748,145.91542451750462,True,aime-bench/attempts/20261003T233946.145732Z/trace/29/rollout-01/telemetry.json
nvfp4_flashinfer_validation,20261003T233946.145732Z,scored,30,8192,0.27995539200492203,56.410316110006534,145.94597104330984,True,aime-bench/attempts/20261003T233946.145732Z/trace/30/rollout-01/telemetry.json
nvfp4_flashinfer_validation,20261003T234116.410095Z,scored,1,1316,0.06711496599018574,7.819817766023334,169.74725253164266,True,aime-bench/attempts/20261003T234116.410095Z/trace/01/rollout-01/telemetry.json
nvfp4_flashinfer_validation,20261003T234116.410095Z,scored,2,7314,0.09815232799155638,49.822493197978474,147.09093920669048,True,aime-bench/attempts/20261003T234116.410095Z/trace/02/rollout-01/telemetry.json
nvfp4_flashinfer_validation,20261003T234116.410095Z,scored,3,2247,0.16223069501575083,13.818414762034081,164.54084017707638,True,aime-bench/attempts/20261003T234116.410095Z/trace/03/rollout-01/telemetry.json
nvfp4_flashinfer_validation,20261003T234116.410095Z,scored,4,4968,0.09745491098146886,32.606426473998,152.8193529706055,False,aime-bench/attempts/20261003T234116.410095Z/trace/04/rollout-01/telemetry.json
nvfp4_flashinfer_validation,20261003T234116.410095Z,scored,5,6889,0.0963789249653928,46.82617570000002,147.42199785641793,True,aime-bench/attempts/20261003T234116.410095Z/trace/05/rollout-01/telemetry.json
nvfp4_flashinfer_validation,20261003T234116.410095Z,scored,6,3280,0.24460416997317225,20.708237000973895,160.28434575072464,False,aime-bench/attempts/20261003T234116.410095Z/trace/06/rollout-01/telemetry.json
nvfp4_flashinfer_validation,20261003T234116.410095Z,scored,7,8192,0.159424596989993,55.94907080300618,146.83728177355962,True,aime-bench/attempts/20261003T234116.410095Z/trace/07/rollout-01/telemetry.json
nvfp4_flashinfer_validation,20261003T234116.410095Z,scored,8,4446,0.09484136500395834,28.818248699011747,154.78665007601825,True,aime-bench/attempts/20261003T234116.410095Z/trace/08/rollout-01/telemetry.json
nvfp4_flashinfer_validation,20261003T234116.410095Z,scored,9,8192,0.15976255101850256,55.95258575998014,146.82892043871644,True,aime-bench/attempts/20261003T234116.410095Z/trace/09/rollout-01/telemetry.json
nvfp4_flashinfer_validation,20261003T234116.410095Z,scored,10,8192,0.24150753795402125,55.95244561700383,147.0447327305123,True,aime-bench/attempts/20261003T234116.410095Z/trace/10/rollout-01/telemetry.json
nvfp4_flashinfer_validation,20261003T234116.410095Z,scored,11,8192,0.15755452401936054,55.950938583991956,146.82744447252702,True,aime-bench/attempts/20261003T234116.410095Z/trace/11/rollout-01/telemetry.json
nvfp4_flashinfer_validation,20261003T234116.410095Z,scored,12,8172,0.2816328870248981,55.817654770973604,147.14773804066638,True,aime-bench/attempts/20261003T234116.410095Z/trace/12/rollout-01/telemetry.json
nvfp4_flashinfer_validation,20261003T234116.410095Z,scored,13,8192,0.1555772700230591,55.9409887510119,146.84842833491976,True,aime-bench/attempts/20261003T234116.410095Z/trace/13/rollout-01/telemetry.json
nvfp4_flashinfer_validation,20261003T234116.410095Z,scored,14,8192,0.2400169349857606,55.950513105955906,147.04589912212487,True,aime-bench/attempts/20261003T234116.410095Z/trace/14/rollout-01/telemetry.json
nvfp4_flashinfer_validation,20261003T234116.410095Z,scored,15,8192,0.23922285699518397,55.949807664961554,147.04566516825685,True,aime-bench/attempts/20261003T234116.410095Z/trace/15/rollout-01/telemetry.json
nvfp4_flashinfer_validation,20261003T234116.410095Z,scored,16,3148,0.23850897001102567,19.812278062978294,160.82748218027444,True,aime-bench/attempts/20261003T234116.410095Z/trace/16/rollout-01/telemetry.json
nvfp4_flashinfer_validation,20261003T234116.410095Z,scored,17,1790,0.15459459798876196,10.812481719010975,167.95073729663582,True,aime-bench/attempts/20261003T234116.410095Z/trace/17/rollout-01/telemetry.json
nvfp4_flashinfer_validation,20261003T234116.410095Z,scored,18,8192,0.15358174999710172,55.94257086497964,146.83901124496228,True,aime-bench/attempts/20261003T234116.410095Z/trace/18/rollout-01/telemetry.json
nvfp4_flashinfer_validation,20261003T234116.410095Z,scored,19,3588,0.2776375810499303,22.810682688024826,159.23280599519893,True,aime-bench/attempts/20261003T234116.410095Z/trace/19/rollout-01/telemetry.json
nvfp4_flashinfer_validation,20261003T234116.410095Z,scored,20,8192,0.1529251699685119,55.94569527998101,146.82906017835228,True,aime-bench/attempts/20261003T234116.410095Z/trace/20/rollout-01/telemetry.json
nvfp4_flashinfer_validation,20261003T234116.410095Z,scored,21,5677,0.23592132201883942,37.80969853902934,151.08941449277273,True,aime-bench/attempts/20261003T234116.410095Z/trace/21/rollout-01/telemetry.json
nvfp4_flashinfer_validation,20261003T234116.410095Z,scored,22,4857,0.23437772900797427,31.811702448001597,153.8129035066272,True,aime-bench/attempts/20261003T234116.410095Z/trace/22/rollout-01/telemetry.json
nvfp4_flashinfer_validation,20261003T234116.410095Z,scored,23,8192,0.23343073501018807,55.94430444401223,147.04490263049482,True,aime-bench/attempts/20261003T234116.410095Z/trace/23/rollout-01/telemetry.json
nvfp4_flashinfer_validation,20261003T234116.410095Z,scored,24,6083,0.15014106401940808,40.81158082699403,149.60119551740615,True,aime-bench/attempts/20261003T234116.410095Z/trace/24/rollout-01/telemetry.json
nvfp4_flashinfer_validation,20261003T234116.410095Z,scored,25,2705,0.14908635703613982,16.80786076601362,162.3768912160948,True,aime-bench/attempts/20261003T234116.410095Z/trace/25/rollout-01/telemetry.json
nvfp4_flashinfer_validation,20261003T234116.410095Z,scored,26,7743,0.23135367297800258,52.81297322100727,147.256780345599,True,aime-bench/attempts/20261003T234116.410095Z/trace/26/rollout-01/telemetry.json
nvfp4_flashinfer_validation,20261003T234116.410095Z,scored,27,6483,0.27214483998250216,43.81059808796272,148.90285520882054,True,aime-bench/attempts/20261003T234116.410095Z/trace/27/rollout-01/telemetry.json
nvfp4_flashinfer_validation,20261003T234116.410095Z,scored,28,8192,0.27240473695565015,55.970559098001104,147.07848211446978,True,aime-bench/attempts/20261003T234116.410095Z/trace/28/rollout-01/telemetry.json
nvfp4_flashinfer_validation,20261003T234116.410095Z,scored,29,8192,0.2712891270057298,55.96979929402005,147.0775425668648,True,aime-bench/attempts/20261003T234116.410095Z/trace/29/rollout-01/telemetry.json
nvfp4_flashinfer_validation,20261003T234116.410095Z,scored,30,8192,0.2713089939788915,55.96949744800804,147.07839208740728,True,aime-bench/attempts/20261003T234116.410095Z/trace/30/rollout-01/telemetry.json
nvfp4_flashinfer_validation,20261003T234218.148913Z,scored,1,1316,0.0699014529818669,7.8204882009886205,169.7935966381436,True,aime-bench/attempts/20261003T234218.148913Z/trace/01/rollout-01/telemetry.json
nvfp4_flashinfer_validation,20261003T234218.148913Z,scored,2,7854,0.09866329398937523,53.73695816099644,146.42523628824372,True,aime-bench/attempts/20261003T234218.148913Z/trace/02/rollout-01/telemetry.json
nvfp4_flashinfer_validation,20261003T234218.148913Z,scored,3,2247,0.1646351339877583,13.820270316966344,164.5474538453422,True,aime-bench/attempts/20261003T234218.148913Z/trace/03/rollout-01/telemetry.json
nvfp4_flashinfer_validation,20261003T234218.148913Z,scored,4,4968,0.09798781899735332,32.61763078701915,152.76920490441069,False,aime-bench/attempts/20261003T234218.148913Z/trace/04/rollout-01/telemetry.json
nvfp4_flashinfer_validation,20261003T234218.148913Z,scored,5,6887,0.09697913803393021,46.82405837503029,147.38776984261386,True,aime-bench/attempts/20261003T234218.148913Z/trace/05/rollout-01/telemetry.json
nvfp4_flashinfer_validation,20261003T234218.148913Z,scored,6,3280,0.24641541397431865,20.71288274199469,160.26214722017,False,aime-bench/attempts/20261003T234218.148913Z/trace/06/rollout-01/telemetry.json
nvfp4_flashinfer_validation,20261003T234218.148913Z,scored,7,8192,0.16094657400390133,56.169079035986215,146.26447338805016,True,aime-bench/attempts/20261003T234218.148913Z/trace/07/rollout-01/telemetry.json
nvfp4_flashinfer_validation,20261003T234218.148913Z,scored,8,4445,0.09455018700100482,28.820050500973593,154.74055983066285,True,aime-bench/attempts/20261003T234218.148913Z/trace/08/rollout-01/telemetry.json
nvfp4_flashinfer_validation,20261003T234218.148913Z,scored,9,8192,0.16133983002509922,56.17258490505628,146.25634529327482,True,aime-bench/attempts/20261003T234218.148913Z/trace/09/rollout-01/telemetry.json
nvfp4_flashinfer_validation,20261003T234218.148913Z,scored,10,8192,0.2431636020191945,56.19390234100865,146.41451006063977,True,aime-bench/attempts/20261003T234218.148913Z/trace/10/rollout-01/telemetry.json
nvfp4_flashinfer_validation,20261003T234218.148913Z,scored,11,8192,0.15910319902468473,56.17088284599595,146.25494943442612,True,aime-bench/attempts/20261003T234218.148913Z/trace/11/rollout-01/telemetry.json
nvfp4_flashinfer_validation,20261003T234218.148913Z,scored,12,8192,0.2835901780053973,56.1934553909814,146.52154800936162,True,aime-bench/attempts/20261003T234218.148913Z/trace/12/rollout-01/telemetry.json
nvfp4_flashinfer_validation,20261003T234218.148913Z,scored,13,8192,0.1568491259822622,56.16097266599536,146.27494338246515,True,aime-bench/attempts/20261003T234218.148913Z/trace/13/rollout-01/telemetry.json
nvfp4_flashinfer_validation,20261003T234218.148913Z,scored,14,8192,0.241412159986794,56.19166652997956,146.41577759105834,True,aime-bench/attempts/20261003T234218.148913Z/trace/14/rollout-01/telemetry.json
nvfp4_flashinfer_validation,20261003T234218.148913Z,scored,15,8192,0.2404800840304233,56.19086671201512,146.41543148698472,True,aime-bench/attempts/20261003T234218.148913Z/trace/15/rollout-01/telemetry.json
nvfp4_flashinfer_validation,20261003T234218.148913Z,scored,16,3148,0.23962987103732303,19.8154195320094,160.81088193730005,True,aime-bench/attempts/20261003T234218.148913Z/trace/16/rollout-01/telemetry.json
nvfp4_flashinfer_validation,20261003T234218.148913Z,scored,17,1790,0.15554722701199353,10.812099762028083,167.97177080657983,True,aime-bench/attempts/20261003T234218.148913Z/trace/17/rollout-01/telemetry.json
nvfp4_flashinfer_validation,20261003T234218.148913Z,scored,18,8192,0.15416249103145674,56.162430568016134,146.2641192321802,True,aime-bench/attempts/20261003T234218.148913Z/trace/18/rollout-01/telemetry.json
nvfp4_flashinfer_validation,20261003T234218.148913Z,scored,19,3588,0.2792626600130461,22.817431429983117,159.19660716981863,True,aime-bench/attempts/20261003T234218.148913Z/trace/19/rollout-01/telemetry.json
nvfp4_flashinfer_validation,20261003T234218.148913Z,scored,20,8192,0.1540309659903869,56.165261282993015,146.25638382939175,True,aime-bench/attempts/20261003T234218.148913Z/trace/20/rollout-01/telemetry.json
nvfp4_flashinfer_validation,20261003T234218.148913Z,scored,21,5676,0.237168337975163,37.81456014601281,151.04826936886894,True,aime-bench/attempts/20261003T234218.148913Z/trace/21/rollout-01/telemetry.json
nvfp4_flashinfer_validation,20261003T234218.148913Z,scored,22,4856,0.2355837089708075,31.815011476981454,153.77099406845602,True,aime-bench/attempts/20261003T234218.148913Z/trace/22/rollout-01/telemetry.json
nvfp4_flashinfer_validation,20261003T234218.148913Z,scored,23,8192,0.23460899299243465,56.164085899014026,146.47017017100006,True,aime-bench/attempts/20261003T234218.148913Z/trace/23/rollout-01/telemetry.json
nvfp4_flashinfer_validation,20261003T234218.148913Z,scored,24,6081,0.1512498139636591,40.81105653796112,149.55801539536063,True,aime-bench/attempts/20261003T234218.148913Z/trace/24/rollout-01/telemetry.json
nvfp4_flashinfer_validation,20261003T234218.148913Z,scored,25,2705,0.15017359802732244,16.80877112702001,162.37861532414163,True,aime-bench/attempts/20261003T234218.148913Z/trace/25/rollout-01/telemetry.json
nvfp4_flashinfer_validation,20261003T234218.148913Z,scored,26,8192,0.23242661403492093,56.16185344703263,146.47030130419316,True,aime-bench/attempts/20261003T234218.148913Z/trace/26/rollout-01/telemetry.json
nvfp4_flashinfer_validation,20261003T234218.148913Z,scored,27,6481,0.27359352802159265,43.808512785006315,148.86900241488772,True,aime-bench/attempts/20261003T234218.148913Z/trace/27/rollout-01/telemetry.json
nvfp4_flashinfer_validation,20261003T234218.148913Z,scored,28,8192,0.2736601419746876,56.18342366395518,146.52181450882685,True,aime-bench/attempts/20261003T234218.148913Z/trace/28/rollout-01/telemetry.json
nvfp4_flashinfer_validation,20261003T234218.148913Z,scored,29,8192,0.27256510098231956,56.18236578401411,146.5217171215245,True,aime-bench/attempts/20261003T234218.148913Z/trace/29/rollout-01/telemetry.json
nvfp4_flashinfer_validation,20261003T234218.148913Z,scored,30,8192,0.2725712319952436,56.18240732001141,146.5216243364357,True,aime-bench/attempts/20261003T234218.148913Z/trace/30/rollout-01/telemetry.json
