question,bf16_mean_s,nvfp4_mean_s,difference_nvfp4_minus_bf16_s
1,6.713333333333334,5.028333333333333,-1.6850000000000005
3,9.227333333333334,9.584666666666665,0.3573333333333313
4,14.208666666666666,13.283333333333333,-0.9253333333333327
5,55.379333333333335,40.67433333333333,-14.705000000000005
6,16.070666666666668,12.069666666666665,-4.001000000000003
8,45.288333333333334,23.78933333333333,-21.499000000000002
16,18.240666666666666,12.506333333333332,-5.734333333333334
17,9.611,7.990333333333333,-1.6206666666666676
18,75.401,46.220666666666666,-29.18033333333333
19,19.958333333333332,13.514666666666665,-6.443666666666667
21,22.31266666666667,21.037333333333333,-1.2753333333333359
22,32.13966666666666,23.610666666666663,-8.529
24,38.635999999999996,17.623,-21.012999999999995
25,28.381999999999994,19.44666666666667,-8.935333333333325
26,59.06733333333333,73.891,14.823666666666675
