group,attempt_id,question,first_client_submit_s,scope
bf16_flash_attn,20261003T224137.318281Z,1,5.028,"Observed before stop-at-18; missing submissions are censored, not failures"
bf16_flash_attn,20261003T224137.318281Z,2,,"Observed before stop-at-18; missing submissions are censored, not failures"
bf16_flash_attn,20261003T224137.318281Z,3,8.185,"Observed before stop-at-18; missing submissions are censored, not failures"
bf16_flash_attn,20261003T224137.318281Z,4,17.569,"Observed before stop-at-18; missing submissions are censored, not failures"
bf16_flash_attn,20261003T224137.318281Z,5,37.692,"Observed before stop-at-18; missing submissions are censored, not failures"
bf16_flash_attn,20261003T224137.318281Z,6,13.036,"Observed before stop-at-18; missing submissions are censored, not failures"
bf16_flash_attn,20261003T224137.318281Z,7,54.381,"Observed before stop-at-18; missing submissions are censored, not failures"
bf16_flash_attn,20261003T224137.318281Z,8,18.8,"Observed before stop-at-18; missing submissions are censored, not failures"
bf16_flash_attn,20261003T224137.318281Z,9,,"Observed before stop-at-18; missing submissions are censored, not failures"
bf16_flash_attn,20261003T224137.318281Z,10,,"Observed before stop-at-18; missing submissions are censored, not failures"
bf16_flash_attn,20261003T224137.318281Z,11,,"Observed before stop-at-18; missing submissions are censored, not failures"
bf16_flash_attn,20261003T224137.318281Z,12,55.274,"Observed before stop-at-18; missing submissions are censored, not failures"
bf16_flash_attn,20261003T224137.318281Z,13,,"Observed before stop-at-18; missing submissions are censored, not failures"
bf16_flash_attn,20261003T224137.318281Z,14,,"Observed before stop-at-18; missing submissions are censored, not failures"
bf16_flash_attn,20261003T224137.318281Z,15,,"Observed before stop-at-18; missing submissions are censored, not failures"
bf16_flash_attn,20261003T224137.318281Z,16,17.897,"Observed before stop-at-18; missing submissions are censored, not failures"
bf16_flash_attn,20261003T224137.318281Z,17,7.876,"Observed before stop-at-18; missing submissions are censored, not failures"
bf16_flash_attn,20261003T224137.318281Z,18,60.808,"Observed before stop-at-18; missing submissions are censored, not failures"
bf16_flash_attn,20261003T224137.318281Z,19,23.391,"Observed before stop-at-18; missing submissions are censored, not failures"
bf16_flash_attn,20261003T224137.318281Z,20,37.828,"Observed before stop-at-18; missing submissions are censored, not failures"
bf16_flash_attn,20261003T224137.318281Z,21,18.998,"Observed before stop-at-18; missing submissions are censored, not failures"
bf16_flash_attn,20261003T224137.318281Z,22,23.779,"Observed before stop-at-18; missing submissions are censored, not failures"
bf16_flash_attn,20261003T224137.318281Z,23,,"Observed before stop-at-18; missing submissions are censored, not failures"
bf16_flash_attn,20261003T224137.318281Z,24,36.698,"Observed before stop-at-18; missing submissions are censored, not failures"
bf16_flash_attn,20261003T224137.318281Z,25,22.712,"Observed before stop-at-18; missing submissions are censored, not failures"
bf16_flash_attn,20261003T224137.318281Z,26,58.425,"Observed before stop-at-18; missing submissions are censored, not failures"
bf16_flash_attn,20261003T224137.318281Z,27,62.553,"Observed before stop-at-18; missing submissions are censored, not failures"
bf16_flash_attn,20261003T224137.318281Z,28,,"Observed before stop-at-18; missing submissions are censored, not failures"
bf16_flash_attn,20261003T224137.318281Z,29,111.164,"Observed before stop-at-18; missing submissions are censored, not failures"
bf16_flash_attn,20261003T224137.318281Z,30,,"Observed before stop-at-18; missing submissions are censored, not failures"
bf16_flash_attn,20261003T224337.444734Z,1,7.555,"Observed before stop-at-18; missing submissions are censored, not failures"
bf16_flash_attn,20261003T224337.444734Z,2,,"Observed before stop-at-18; missing submissions are censored, not failures"
bf16_flash_attn,20261003T224337.444734Z,3,9.747,"Observed before stop-at-18; missing submissions are censored, not failures"
bf16_flash_attn,20261003T224337.444734Z,4,12.526,"Observed before stop-at-18; missing submissions are censored, not failures"
bf16_flash_attn,20261003T224337.444734Z,5,65.206,"Observed before stop-at-18; missing submissions are censored, not failures"
bf16_flash_attn,20261003T224337.444734Z,6,17.55,"Observed before stop-at-18; missing submissions are censored, not failures"
bf16_flash_attn,20261003T224337.444734Z,7,48.171,"Observed before stop-at-18; missing submissions are censored, not failures"
bf16_flash_attn,20261003T224337.444734Z,8,47.623,"Observed before stop-at-18; missing submissions are censored, not failures"
bf16_flash_attn,20261003T224337.444734Z,9,109.979,"Observed before stop-at-18; missing submissions are censored, not failures"
bf16_flash_attn,20261003T224337.444734Z,10,,"Observed before stop-at-18; missing submissions are censored, not failures"
bf16_flash_attn,20261003T224337.444734Z,11,,"Observed before stop-at-18; missing submissions are censored, not failures"
bf16_flash_attn,20261003T224337.444734Z,12,128.514,"Observed before stop-at-18; missing submissions are censored, not failures"
bf16_flash_attn,20261003T224337.444734Z,13,,"Observed before stop-at-18; missing submissions are censored, not failures"
bf16_flash_attn,20261003T224337.444734Z,14,,"Observed before stop-at-18; missing submissions are censored, not failures"
bf16_flash_attn,20261003T224337.444734Z,15,,"Observed before stop-at-18; missing submissions are censored, not failures"
bf16_flash_attn,20261003T224337.444734Z,16,18.374,"Observed before stop-at-18; missing submissions are censored, not failures"
bf16_flash_attn,20261003T224337.444734Z,17,10.997,"Observed before stop-at-18; missing submissions are censored, not failures"
bf16_flash_attn,20261003T224337.444734Z,18,74.741,"Observed before stop-at-18; missing submissions are censored, not failures"
bf16_flash_attn,20261003T224337.444734Z,19,18.204,"Observed before stop-at-18; missing submissions are censored, not failures"
bf16_flash_attn,20261003T224337.444734Z,20,,"Observed before stop-at-18; missing submissions are censored, not failures"
bf16_flash_attn,20261003T224337.444734Z,21,23.929,"Observed before stop-at-18; missing submissions are censored, not failures"
bf16_flash_attn,20261003T224337.444734Z,22,36.312,"Observed before stop-at-18; missing submissions are censored, not failures"
bf16_flash_attn,20261003T224337.444734Z,23,,"Observed before stop-at-18; missing submissions are censored, not failures"
bf16_flash_attn,20261003T224337.444734Z,24,38.152,"Observed before stop-at-18; missing submissions are censored, not failures"
bf16_flash_attn,20261003T224337.444734Z,25,31.141,"Observed before stop-at-18; missing submissions are censored, not failures"
bf16_flash_attn,20261003T224337.444734Z,26,67.812,"Observed before stop-at-18; missing submissions are censored, not failures"
bf16_flash_attn,20261003T224337.444734Z,27,27.416,"Observed before stop-at-18; missing submissions are censored, not failures"
bf16_flash_attn,20261003T224337.444734Z,28,,"Observed before stop-at-18; missing submissions are censored, not failures"
bf16_flash_attn,20261003T224337.444734Z,29,,"Observed before stop-at-18; missing submissions are censored, not failures"
bf16_flash_attn,20261003T224337.444734Z,30,,"Observed before stop-at-18; missing submissions are censored, not failures"
bf16_flash_attn,20261003T224555.051695Z,1,7.557,"Observed before stop-at-18; missing submissions are censored, not failures"
bf16_flash_attn,20261003T224555.051695Z,2,,"Observed before stop-at-18; missing submissions are censored, not failures"
bf16_flash_attn,20261003T224555.051695Z,3,9.75,"Observed before stop-at-18; missing submissions are censored, not failures"
bf16_flash_attn,20261003T224555.051695Z,4,12.531,"Observed before stop-at-18; missing submissions are censored, not failures"
bf16_flash_attn,20261003T224555.051695Z,5,63.24,"Observed before stop-at-18; missing submissions are censored, not failures"
bf16_flash_attn,20261003T224555.051695Z,6,17.626,"Observed before stop-at-18; missing submissions are censored, not failures"
bf16_flash_attn,20261003T224555.051695Z,7,43.742,"Observed before stop-at-18; missing submissions are censored, not failures"
bf16_flash_attn,20261003T224555.051695Z,8,69.442,"Observed before stop-at-18; missing submissions are censored, not failures"
bf16_flash_attn,20261003T224555.051695Z,9,,"Observed before stop-at-18; missing submissions are censored, not failures"
bf16_flash_attn,20261003T224555.051695Z,10,132.65,"Observed before stop-at-18; missing submissions are censored, not failures"
bf16_flash_attn,20261003T224555.051695Z,11,,"Observed before stop-at-18; missing submissions are censored, not failures"
bf16_flash_attn,20261003T224555.051695Z,12,,"Observed before stop-at-18; missing submissions are censored, not failures"
bf16_flash_attn,20261003T224555.051695Z,13,,"Observed before stop-at-18; missing submissions are censored, not failures"
bf16_flash_attn,20261003T224555.051695Z,14,,"Observed before stop-at-18; missing submissions are censored, not failures"
bf16_flash_attn,20261003T224555.051695Z,15,,"Observed before stop-at-18; missing submissions are censored, not failures"
bf16_flash_attn,20261003T224555.051695Z,16,18.451,"Observed before stop-at-18; missing submissions are censored, not failures"
bf16_flash_attn,20261003T224555.051695Z,17,9.96,"Observed before stop-at-18; missing submissions are censored, not failures"
bf16_flash_attn,20261003T224555.051695Z,18,90.654,"Observed before stop-at-18; missing submissions are censored, not failures"
bf16_flash_attn,20261003T224555.051695Z,19,18.28,"Observed before stop-at-18; missing submissions are censored, not failures"
bf16_flash_attn,20261003T224555.051695Z,20,,"Observed before stop-at-18; missing submissions are censored, not failures"
bf16_flash_attn,20261003T224555.051695Z,21,24.011,"Observed before stop-at-18; missing submissions are censored, not failures"
bf16_flash_attn,20261003T224555.051695Z,22,36.328,"Observed before stop-at-18; missing submissions are censored, not failures"
bf16_flash_attn,20261003T224555.051695Z,23,82.666,"Observed before stop-at-18; missing submissions are censored, not failures"
bf16_flash_attn,20261003T224555.051695Z,24,41.058,"Observed before stop-at-18; missing submissions are censored, not failures"
bf16_flash_attn,20261003T224555.051695Z,25,31.293,"Observed before stop-at-18; missing submissions are censored, not failures"
bf16_flash_attn,20261003T224555.051695Z,26,50.965,"Observed before stop-at-18; missing submissions are censored, not failures"
bf16_flash_attn,20261003T224555.051695Z,27,27.429,"Observed before stop-at-18; missing submissions are censored, not failures"
bf16_flash_attn,20261003T224555.051695Z,28,,"Observed before stop-at-18; missing submissions are censored, not failures"
bf16_flash_attn,20261003T224555.051695Z,29,94.118,"Observed before stop-at-18; missing submissions are censored, not failures"
bf16_flash_attn,20261003T224555.051695Z,30,,"Observed before stop-at-18; missing submissions are censored, not failures"
nvfp4_flash_attn,20261003T225721.655059Z,1,5.763,"Observed before stop-at-18; missing submissions are censored, not failures"
nvfp4_flash_attn,20261003T225721.655059Z,2,,"Observed before stop-at-18; missing submissions are censored, not failures"
nvfp4_flash_attn,20261003T225721.655059Z,3,7.169,"Observed before stop-at-18; missing submissions are censored, not failures"
nvfp4_flash_attn,20261003T225721.655059Z,4,10.247,"Observed before stop-at-18; missing submissions are censored, not failures"
nvfp4_flash_attn,20261003T225721.655059Z,5,54.699,"Observed before stop-at-18; missing submissions are censored, not failures"
nvfp4_flash_attn,20261003T225721.655059Z,6,10.298,"Observed before stop-at-18; missing submissions are censored, not failures"
nvfp4_flash_attn,20261003T225721.655059Z,7,,"Observed before stop-at-18; missing submissions are censored, not failures"
nvfp4_flash_attn,20261003T225721.655059Z,8,42.922,"Observed before stop-at-18; missing submissions are censored, not failures"
nvfp4_flash_attn,20261003T225721.655059Z,9,,"Observed before stop-at-18; missing submissions are censored, not failures"
nvfp4_flash_attn,20261003T225721.655059Z,10,109.398,"Observed before stop-at-18; missing submissions are censored, not failures"
nvfp4_flash_attn,20261003T225721.655059Z,11,113.82,"Observed before stop-at-18; missing submissions are censored, not failures"
nvfp4_flash_attn,20261003T225721.655059Z,12,,"Observed before stop-at-18; missing submissions are censored, not failures"
nvfp4_flash_attn,20261003T225721.655059Z,13,,"Observed before stop-at-18; missing submissions are censored, not failures"
nvfp4_flash_attn,20261003T225721.655059Z,14,,"Observed before stop-at-18; missing submissions are censored, not failures"
nvfp4_flash_attn,20261003T225721.655059Z,15,,"Observed before stop-at-18; missing submissions are censored, not failures"
nvfp4_flash_attn,20261003T225721.655059Z,16,11.426,"Observed before stop-at-18; missing submissions are censored, not failures"
nvfp4_flash_attn,20261003T225721.655059Z,17,4.125,"Observed before stop-at-18; missing submissions are censored, not failures"
nvfp4_flash_attn,20261003T225721.655059Z,18,45.415,"Observed before stop-at-18; missing submissions are censored, not failures"
nvfp4_flash_attn,20261003T225721.655059Z,19,15.858,"Observed before stop-at-18; missing submissions are censored, not failures"
nvfp4_flash_attn,20261003T225721.655059Z,20,,"Observed before stop-at-18; missing submissions are censored, not failures"
nvfp4_flash_attn,20261003T225721.655059Z,21,23.368,"Observed before stop-at-18; missing submissions are censored, not failures"
nvfp4_flash_attn,20261003T225721.655059Z,22,33.955,"Observed before stop-at-18; missing submissions are censored, not failures"
nvfp4_flash_attn,20261003T225721.655059Z,23,85.953,"Observed before stop-at-18; missing submissions are censored, not failures"
nvfp4_flash_attn,20261003T225721.655059Z,24,17.779,"Observed before stop-at-18; missing submissions are censored, not failures"
nvfp4_flash_attn,20261003T225721.655059Z,25,17.293,"Observed before stop-at-18; missing submissions are censored, not failures"
nvfp4_flash_attn,20261003T225721.655059Z,26,62.297,"Observed before stop-at-18; missing submissions are censored, not failures"
nvfp4_flash_attn,20261003T225721.655059Z,27,31.353,"Observed before stop-at-18; missing submissions are censored, not failures"
nvfp4_flash_attn,20261003T225721.655059Z,28,,"Observed before stop-at-18; missing submissions are censored, not failures"
nvfp4_flash_attn,20261003T225721.655059Z,29,70.559,"Observed before stop-at-18; missing submissions are censored, not failures"
nvfp4_flash_attn,20261003T225721.655059Z,30,,"Observed before stop-at-18; missing submissions are censored, not failures"
nvfp4_flash_attn,20261003T225920.250528Z,1,4.662,"Observed before stop-at-18; missing submissions are censored, not failures"
nvfp4_flash_attn,20261003T225920.250528Z,2,60.494,"Observed before stop-at-18; missing submissions are censored, not failures"
nvfp4_flash_attn,20261003T225920.250528Z,3,10.793,"Observed before stop-at-18; missing submissions are censored, not failures"
nvfp4_flash_attn,20261003T225920.250528Z,4,14.802,"Observed before stop-at-18; missing submissions are censored, not failures"
nvfp4_flash_attn,20261003T225920.250528Z,5,33.661,"Observed before stop-at-18; missing submissions are censored, not failures"
nvfp4_flash_attn,20261003T225920.250528Z,6,12.956,"Observed before stop-at-18; missing submissions are censored, not failures"
nvfp4_flash_attn,20261003T225920.250528Z,7,,"Observed before stop-at-18; missing submissions are censored, not failures"
nvfp4_flash_attn,20261003T225920.250528Z,8,14.224,"Observed before stop-at-18; missing submissions are censored, not failures"
nvfp4_flash_attn,20261003T225920.250528Z,9,,"Observed before stop-at-18; missing submissions are censored, not failures"
nvfp4_flash_attn,20261003T225920.250528Z,10,,"Observed before stop-at-18; missing submissions are censored, not failures"
nvfp4_flash_attn,20261003T225920.250528Z,11,,"Observed before stop-at-18; missing submissions are censored, not failures"
nvfp4_flash_attn,20261003T225920.250528Z,12,,"Observed before stop-at-18; missing submissions are censored, not failures"
nvfp4_flash_attn,20261003T225920.250528Z,13,,"Observed before stop-at-18; missing submissions are censored, not failures"
nvfp4_flash_attn,20261003T225920.250528Z,14,,"Observed before stop-at-18; missing submissions are censored, not failures"
nvfp4_flash_attn,20261003T225920.250528Z,15,,"Observed before stop-at-18; missing submissions are censored, not failures"
nvfp4_flash_attn,20261003T225920.250528Z,16,13.047,"Observed before stop-at-18; missing submissions are censored, not failures"
nvfp4_flash_attn,20261003T225920.250528Z,17,9.924,"Observed before stop-at-18; missing submissions are censored, not failures"
nvfp4_flash_attn,20261003T225920.250528Z,18,46.622,"Observed before stop-at-18; missing submissions are censored, not failures"
nvfp4_flash_attn,20261003T225920.250528Z,19,12.344,"Observed before stop-at-18; missing submissions are censored, not failures"
nvfp4_flash_attn,20261003T225920.250528Z,20,,"Observed before stop-at-18; missing submissions are censored, not failures"
nvfp4_flash_attn,20261003T225920.250528Z,21,19.871,"Observed before stop-at-18; missing submissions are censored, not failures"
nvfp4_flash_attn,20261003T225920.250528Z,22,18.438,"Observed before stop-at-18; missing submissions are censored, not failures"
nvfp4_flash_attn,20261003T225920.250528Z,23,93.666,"Observed before stop-at-18; missing submissions are censored, not failures"
nvfp4_flash_attn,20261003T225920.250528Z,24,17.545,"Observed before stop-at-18; missing submissions are censored, not failures"
nvfp4_flash_attn,20261003T225920.250528Z,25,20.523,"Observed before stop-at-18; missing submissions are censored, not failures"
nvfp4_flash_attn,20261003T225920.250528Z,26,79.691,"Observed before stop-at-18; missing submissions are censored, not failures"
nvfp4_flash_attn,20261003T225920.250528Z,27,,"Observed before stop-at-18; missing submissions are censored, not failures"
nvfp4_flash_attn,20261003T225920.250528Z,28,,"Observed before stop-at-18; missing submissions are censored, not failures"
nvfp4_flash_attn,20261003T225920.250528Z,29,87.253,"Observed before stop-at-18; missing submissions are censored, not failures"
nvfp4_flash_attn,20261003T225920.250528Z,30,,"Observed before stop-at-18; missing submissions are censored, not failures"
nvfp4_flash_attn,20261003T230059.890071Z,1,4.66,"Observed before stop-at-18; missing submissions are censored, not failures"
nvfp4_flash_attn,20261003T230059.890071Z,2,60.493,"Observed before stop-at-18; missing submissions are censored, not failures"
nvfp4_flash_attn,20261003T230059.890071Z,3,10.792,"Observed before stop-at-18; missing submissions are censored, not failures"
nvfp4_flash_attn,20261003T230059.890071Z,4,14.801,"Observed before stop-at-18; missing submissions are censored, not failures"
nvfp4_flash_attn,20261003T230059.890071Z,5,33.663,"Observed before stop-at-18; missing submissions are censored, not failures"
nvfp4_flash_attn,20261003T230059.890071Z,6,12.955,"Observed before stop-at-18; missing submissions are censored, not failures"
nvfp4_flash_attn,20261003T230059.890071Z,7,,"Observed before stop-at-18; missing submissions are censored, not failures"
nvfp4_flash_attn,20261003T230059.890071Z,8,14.222,"Observed before stop-at-18; missing submissions are censored, not failures"
nvfp4_flash_attn,20261003T230059.890071Z,9,,"Observed before stop-at-18; missing submissions are censored, not failures"
nvfp4_flash_attn,20261003T230059.890071Z,10,,"Observed before stop-at-18; missing submissions are censored, not failures"
nvfp4_flash_attn,20261003T230059.890071Z,11,,"Observed before stop-at-18; missing submissions are censored, not failures"
nvfp4_flash_attn,20261003T230059.890071Z,12,,"Observed before stop-at-18; missing submissions are censored, not failures"
nvfp4_flash_attn,20261003T230059.890071Z,13,,"Observed before stop-at-18; missing submissions are censored, not failures"
nvfp4_flash_attn,20261003T230059.890071Z,14,,"Observed before stop-at-18; missing submissions are censored, not failures"
nvfp4_flash_attn,20261003T230059.890071Z,15,,"Observed before stop-at-18; missing submissions are censored, not failures"
nvfp4_flash_attn,20261003T230059.890071Z,16,13.046,"Observed before stop-at-18; missing submissions are censored, not failures"
nvfp4_flash_attn,20261003T230059.890071Z,17,9.922,"Observed before stop-at-18; missing submissions are censored, not failures"
nvfp4_flash_attn,20261003T230059.890071Z,18,46.625,"Observed before stop-at-18; missing submissions are censored, not failures"
nvfp4_flash_attn,20261003T230059.890071Z,19,12.342,"Observed before stop-at-18; missing submissions are censored, not failures"
nvfp4_flash_attn,20261003T230059.890071Z,20,,"Observed before stop-at-18; missing submissions are censored, not failures"
nvfp4_flash_attn,20261003T230059.890071Z,21,19.873,"Observed before stop-at-18; missing submissions are censored, not failures"
nvfp4_flash_attn,20261003T230059.890071Z,22,18.439,"Observed before stop-at-18; missing submissions are censored, not failures"
nvfp4_flash_attn,20261003T230059.890071Z,23,93.663,"Observed before stop-at-18; missing submissions are censored, not failures"
nvfp4_flash_attn,20261003T230059.890071Z,24,17.545,"Observed before stop-at-18; missing submissions are censored, not failures"
nvfp4_flash_attn,20261003T230059.890071Z,25,20.524,"Observed before stop-at-18; missing submissions are censored, not failures"
nvfp4_flash_attn,20261003T230059.890071Z,26,79.685,"Observed before stop-at-18; missing submissions are censored, not failures"
nvfp4_flash_attn,20261003T230059.890071Z,27,,"Observed before stop-at-18; missing submissions are censored, not failures"
nvfp4_flash_attn,20261003T230059.890071Z,28,,"Observed before stop-at-18; missing submissions are censored, not failures"
nvfp4_flash_attn,20261003T230059.890071Z,29,87.242,"Observed before stop-at-18; missing submissions are censored, not failures"
nvfp4_flash_attn,20261003T230059.890071Z,30,,"Observed before stop-at-18; missing submissions are censored, not failures"
nvfp4_flashinfer_development,20261003T233132.790330Z,1,6.493,"Observed before stop-at-18; missing submissions are censored, not failures"
nvfp4_flashinfer_development,20261003T233132.790330Z,2,,"Observed before stop-at-18; missing submissions are censored, not failures"
nvfp4_flashinfer_development,20261003T233132.790330Z,3,11.063,"Observed before stop-at-18; missing submissions are censored, not failures"
nvfp4_flashinfer_development,20261003T233132.790330Z,4,12.704,"Observed before stop-at-18; missing submissions are censored, not failures"
nvfp4_flashinfer_development,20261003T233132.790330Z,5,37.405,"Observed before stop-at-18; missing submissions are censored, not failures"
nvfp4_flashinfer_development,20261003T233132.790330Z,6,14.801,"Observed before stop-at-18; missing submissions are censored, not failures"
nvfp4_flashinfer_development,20261003T233132.790330Z,7,95.322,"Observed before stop-at-18; missing submissions are censored, not failures"
nvfp4_flashinfer_development,20261003T233132.790330Z,8,19.523,"Observed before stop-at-18; missing submissions are censored, not failures"
nvfp4_flashinfer_development,20261003T233132.790330Z,9,,"Observed before stop-at-18; missing submissions are censored, not failures"
nvfp4_flashinfer_development,20261003T233132.790330Z,10,88.955,"Observed before stop-at-18; missing submissions are censored, not failures"
nvfp4_flashinfer_development,20261003T233132.790330Z,11,,"Observed before stop-at-18; missing submissions are censored, not failures"
nvfp4_flashinfer_development,20261003T233132.790330Z,12,97.136,"Observed before stop-at-18; missing submissions are censored, not failures"
nvfp4_flashinfer_development,20261003T233132.790330Z,13,,"Observed before stop-at-18; missing submissions are censored, not failures"
nvfp4_flashinfer_development,20261003T233132.790330Z,14,,"Observed before stop-at-18; missing submissions are censored, not failures"
nvfp4_flashinfer_development,20261003T233132.790330Z,15,,"Observed before stop-at-18; missing submissions are censored, not failures"
nvfp4_flashinfer_development,20261003T233132.790330Z,16,14.736,"Observed before stop-at-18; missing submissions are censored, not failures"
nvfp4_flashinfer_development,20261003T233132.790330Z,17,10.225,"Observed before stop-at-18; missing submissions are censored, not failures"
nvfp4_flashinfer_development,20261003T233132.790330Z,18,68.425,"Observed before stop-at-18; missing submissions are censored, not failures"
nvfp4_flashinfer_development,20261003T233132.790330Z,19,30.246,"Observed before stop-at-18; missing submissions are censored, not failures"
nvfp4_flashinfer_development,20261003T233132.790330Z,20,,"Observed before stop-at-18; missing submissions are censored, not failures"
nvfp4_flashinfer_development,20261003T233132.790330Z,21,24.802,"Observed before stop-at-18; missing submissions are censored, not failures"
nvfp4_flashinfer_development,20261003T233132.790330Z,22,20.596,"Observed before stop-at-18; missing submissions are censored, not failures"
nvfp4_flashinfer_development,20261003T233132.790330Z,23,,"Observed before stop-at-18; missing submissions are censored, not failures"
nvfp4_flashinfer_development,20261003T233132.790330Z,24,38.148,"Observed before stop-at-18; missing submissions are censored, not failures"
nvfp4_flashinfer_development,20261003T233132.790330Z,25,20.75,"Observed before stop-at-18; missing submissions are censored, not failures"
nvfp4_flashinfer_development,20261003T233132.790330Z,26,51.053,"Observed before stop-at-18; missing submissions are censored, not failures"
nvfp4_flashinfer_development,20261003T233132.790330Z,27,41.034,"Observed before stop-at-18; missing submissions are censored, not failures"
nvfp4_flashinfer_development,20261003T233132.790330Z,28,,"Observed before stop-at-18; missing submissions are censored, not failures"
nvfp4_flashinfer_development,20261003T233132.790330Z,29,,"Observed before stop-at-18; missing submissions are censored, not failures"
nvfp4_flashinfer_development,20261003T233132.790330Z,30,,"Observed before stop-at-18; missing submissions are censored, not failures"
nvfp4_flashinfer_development,20261003T233317.639206Z,1,4.834,"Observed before stop-at-18; missing submissions are censored, not failures"
nvfp4_flashinfer_development,20261003T233317.639206Z,2,,"Observed before stop-at-18; missing submissions are censored, not failures"
nvfp4_flashinfer_development,20261003T233317.639206Z,3,9.282,"Observed before stop-at-18; missing submissions are censored, not failures"
nvfp4_flashinfer_development,20261003T233317.639206Z,4,23.753,"Observed before stop-at-18; missing submissions are censored, not failures"
nvfp4_flashinfer_development,20261003T233317.639206Z,5,31.609,"Observed before stop-at-18; missing submissions are censored, not failures"
nvfp4_flashinfer_development,20261003T233317.639206Z,6,12.842,"Observed before stop-at-18; missing submissions are censored, not failures"
nvfp4_flashinfer_development,20261003T233317.639206Z,7,59.101,"Observed before stop-at-18; missing submissions are censored, not failures"
nvfp4_flashinfer_development,20261003T233317.639206Z,8,15.187,"Observed before stop-at-18; missing submissions are censored, not failures"
nvfp4_flashinfer_development,20261003T233317.639206Z,9,,"Observed before stop-at-18; missing submissions are censored, not failures"
nvfp4_flashinfer_development,20261003T233317.639206Z,10,,"Observed before stop-at-18; missing submissions are censored, not failures"
nvfp4_flashinfer_development,20261003T233317.639206Z,11,,"Observed before stop-at-18; missing submissions are censored, not failures"
nvfp4_flashinfer_development,20261003T233317.639206Z,12,54.298,"Observed before stop-at-18; missing submissions are censored, not failures"
nvfp4_flashinfer_development,20261003T233317.639206Z,13,,"Observed before stop-at-18; missing submissions are censored, not failures"
nvfp4_flashinfer_development,20261003T233317.639206Z,14,,"Observed before stop-at-18; missing submissions are censored, not failures"
nvfp4_flashinfer_development,20261003T233317.639206Z,15,,"Observed before stop-at-18; missing submissions are censored, not failures"
nvfp4_flashinfer_development,20261003T233317.639206Z,16,12.01,"Observed before stop-at-18; missing submissions are censored, not failures"
nvfp4_flashinfer_development,20261003T233317.639206Z,17,7.461,"Observed before stop-at-18; missing submissions are censored, not failures"
nvfp4_flashinfer_development,20261003T233317.639206Z,18,48.225,"Observed before stop-at-18; missing submissions are censored, not failures"
nvfp4_flashinfer_development,20261003T233317.639206Z,19,12.632,"Observed before stop-at-18; missing submissions are censored, not failures"
nvfp4_flashinfer_development,20261003T233317.639206Z,20,,"Observed before stop-at-18; missing submissions are censored, not failures"
nvfp4_flashinfer_development,20261003T233317.639206Z,21,17.862,"Observed before stop-at-18; missing submissions are censored, not failures"
nvfp4_flashinfer_development,20261003T233317.639206Z,22,16.378,"Observed before stop-at-18; missing submissions are censored, not failures"
nvfp4_flashinfer_development,20261003T233317.639206Z,23,58.45,"Observed before stop-at-18; missing submissions are censored, not failures"
nvfp4_flashinfer_development,20261003T233317.639206Z,24,48.126,"Observed before stop-at-18; missing submissions are censored, not failures"
nvfp4_flashinfer_development,20261003T233317.639206Z,25,11.287,"Observed before stop-at-18; missing submissions are censored, not failures"
nvfp4_flashinfer_development,20261003T233317.639206Z,26,42.242,"Observed before stop-at-18; missing submissions are censored, not failures"
nvfp4_flashinfer_development,20261003T233317.639206Z,27,25.554,"Observed before stop-at-18; missing submissions are censored, not failures"
nvfp4_flashinfer_development,20261003T233317.639206Z,28,,"Observed before stop-at-18; missing submissions are censored, not failures"
nvfp4_flashinfer_development,20261003T233317.639206Z,29,,"Observed before stop-at-18; missing submissions are censored, not failures"
nvfp4_flashinfer_development,20261003T233317.639206Z,30,,"Observed before stop-at-18; missing submissions are censored, not failures"
nvfp4_flashinfer_development,20261003T233424.568380Z,1,4.917,"Observed before stop-at-18; missing submissions are censored, not failures"
nvfp4_flashinfer_development,20261003T233424.568380Z,2,,"Observed before stop-at-18; missing submissions are censored, not failures"
nvfp4_flashinfer_development,20261003T233424.568380Z,3,9.363,"Observed before stop-at-18; missing submissions are censored, not failures"
nvfp4_flashinfer_development,20261003T233424.568380Z,4,23.834,"Observed before stop-at-18; missing submissions are censored, not failures"
nvfp4_flashinfer_development,20261003T233424.568380Z,5,31.694,"Observed before stop-at-18; missing submissions are censored, not failures"
nvfp4_flashinfer_development,20261003T233424.568380Z,6,12.924,"Observed before stop-at-18; missing submissions are censored, not failures"
nvfp4_flashinfer_development,20261003T233424.568380Z,7,59.231,"Observed before stop-at-18; missing submissions are censored, not failures"
nvfp4_flashinfer_development,20261003T233424.568380Z,8,15.268,"Observed before stop-at-18; missing submissions are censored, not failures"
nvfp4_flashinfer_development,20261003T233424.568380Z,9,,"Observed before stop-at-18; missing submissions are censored, not failures"
nvfp4_flashinfer_development,20261003T233424.568380Z,10,,"Observed before stop-at-18; missing submissions are censored, not failures"
nvfp4_flashinfer_development,20261003T233424.568380Z,11,,"Observed before stop-at-18; missing submissions are censored, not failures"
nvfp4_flashinfer_development,20261003T233424.568380Z,12,54.383,"Observed before stop-at-18; missing submissions are censored, not failures"
nvfp4_flashinfer_development,20261003T233424.568380Z,13,,"Observed before stop-at-18; missing submissions are censored, not failures"
nvfp4_flashinfer_development,20261003T233424.568380Z,14,,"Observed before stop-at-18; missing submissions are censored, not failures"
nvfp4_flashinfer_development,20261003T233424.568380Z,15,,"Observed before stop-at-18; missing submissions are censored, not failures"
nvfp4_flashinfer_development,20261003T233424.568380Z,16,12.091,"Observed before stop-at-18; missing submissions are censored, not failures"
nvfp4_flashinfer_development,20261003T233424.568380Z,17,7.545,"Observed before stop-at-18; missing submissions are censored, not failures"
nvfp4_flashinfer_development,20261003T233424.568380Z,18,48.308,"Observed before stop-at-18; missing submissions are censored, not failures"
nvfp4_flashinfer_development,20261003T233424.568380Z,19,12.714,"Observed before stop-at-18; missing submissions are censored, not failures"
nvfp4_flashinfer_development,20261003T233424.568380Z,20,,"Observed before stop-at-18; missing submissions are censored, not failures"
nvfp4_flashinfer_development,20261003T233424.568380Z,21,17.943,"Observed before stop-at-18; missing submissions are censored, not failures"
nvfp4_flashinfer_development,20261003T233424.568380Z,22,16.46,"Observed before stop-at-18; missing submissions are censored, not failures"
nvfp4_flashinfer_development,20261003T233424.568380Z,23,58.396,"Observed before stop-at-18; missing submissions are censored, not failures"
nvfp4_flashinfer_development,20261003T233424.568380Z,24,48.21,"Observed before stop-at-18; missing submissions are censored, not failures"
nvfp4_flashinfer_development,20261003T233424.568380Z,25,11.369,"Observed before stop-at-18; missing submissions are censored, not failures"
nvfp4_flashinfer_development,20261003T233424.568380Z,26,42.326,"Observed before stop-at-18; missing submissions are censored, not failures"
nvfp4_flashinfer_development,20261003T233424.568380Z,27,25.637,"Observed before stop-at-18; missing submissions are censored, not failures"
nvfp4_flashinfer_development,20261003T233424.568380Z,28,,"Observed before stop-at-18; missing submissions are censored, not failures"
nvfp4_flashinfer_development,20261003T233424.568380Z,29,,"Observed before stop-at-18; missing submissions are censored, not failures"
nvfp4_flashinfer_development,20261003T233424.568380Z,30,,"Observed before stop-at-18; missing submissions are censored, not failures"
nvfp4_flashinfer_validation,20261003T233726.660316Z,1,3.199,"Observed before stop-at-18; missing submissions are censored, not failures"
nvfp4_flashinfer_validation,20261003T233726.660316Z,2,86.612,"Observed before stop-at-18; missing submissions are censored, not failures"
nvfp4_flashinfer_validation,20261003T233726.660316Z,3,8.51,"Observed before stop-at-18; missing submissions are censored, not failures"
nvfp4_flashinfer_validation,20261003T233726.660316Z,4,15.643,"Observed before stop-at-18; missing submissions are censored, not failures"
nvfp4_flashinfer_validation,20261003T233726.660316Z,5,33.592,"Observed before stop-at-18; missing submissions are censored, not failures"
nvfp4_flashinfer_validation,20261003T233726.660316Z,6,10.386,"Observed before stop-at-18; missing submissions are censored, not failures"
nvfp4_flashinfer_validation,20261003T233726.660316Z,7,68.674,"Observed before stop-at-18; missing submissions are censored, not failures"
nvfp4_flashinfer_validation,20261003T233726.660316Z,8,10.724,"Observed before stop-at-18; missing submissions are censored, not failures"
nvfp4_flashinfer_validation,20261003T233726.660316Z,9,,"Observed before stop-at-18; missing submissions are censored, not failures"
nvfp4_flashinfer_validation,20261003T233726.660316Z,10,,"Observed before stop-at-18; missing submissions are censored, not failures"
nvfp4_flashinfer_validation,20261003T233726.660316Z,11,,"Observed before stop-at-18; missing submissions are censored, not failures"
nvfp4_flashinfer_validation,20261003T233726.660316Z,12,,"Observed before stop-at-18; missing submissions are censored, not failures"
nvfp4_flashinfer_validation,20261003T233726.660316Z,13,,"Observed before stop-at-18; missing submissions are censored, not failures"
nvfp4_flashinfer_validation,20261003T233726.660316Z,14,,"Observed before stop-at-18; missing submissions are censored, not failures"
nvfp4_flashinfer_validation,20261003T233726.660316Z,15,,"Observed before stop-at-18; missing submissions are censored, not failures"
nvfp4_flashinfer_validation,20261003T233726.660316Z,16,16.152,"Observed before stop-at-18; missing submissions are censored, not failures"
nvfp4_flashinfer_validation,20261003T233726.660316Z,17,4.545,"Observed before stop-at-18; missing submissions are censored, not failures"
nvfp4_flashinfer_validation,20261003T233726.660316Z,18,54.544,"Observed before stop-at-18; missing submissions are censored, not failures"
nvfp4_flashinfer_validation,20261003T233726.660316Z,19,18.887,"Observed before stop-at-18; missing submissions are censored, not failures"
nvfp4_flashinfer_validation,20261003T233726.660316Z,20,,"Observed before stop-at-18; missing submissions are censored, not failures"
nvfp4_flashinfer_validation,20261003T233726.660316Z,21,17.477,"Observed before stop-at-18; missing submissions are censored, not failures"
nvfp4_flashinfer_validation,20261003T233726.660316Z,22,20.929,"Observed before stop-at-18; missing submissions are censored, not failures"
nvfp4_flashinfer_validation,20261003T233726.660316Z,23,120.42,"Observed before stop-at-18; missing submissions are censored, not failures"
nvfp4_flashinfer_validation,20261003T233726.660316Z,24,60.229,"Observed before stop-at-18; missing submissions are censored, not failures"
nvfp4_flashinfer_validation,20261003T233726.660316Z,25,12.786,"Observed before stop-at-18; missing submissions are censored, not failures"
nvfp4_flashinfer_validation,20261003T233726.660316Z,26,35.732,"Observed before stop-at-18; missing submissions are censored, not failures"
nvfp4_flashinfer_validation,20261003T233726.660316Z,27,72.458,"Observed before stop-at-18; missing submissions are censored, not failures"
nvfp4_flashinfer_validation,20261003T233726.660316Z,28,,"Observed before stop-at-18; missing submissions are censored, not failures"
nvfp4_flashinfer_validation,20261003T233726.660316Z,29,,"Observed before stop-at-18; missing submissions are censored, not failures"
nvfp4_flashinfer_validation,20261003T233726.660316Z,30,,"Observed before stop-at-18; missing submissions are censored, not failures"
nvfp4_flashinfer_validation,20261003T233946.145732Z,1,5.188,"Observed before stop-at-18; missing submissions are censored, not failures"
nvfp4_flashinfer_validation,20261003T233946.145732Z,2,76.686,"Observed before stop-at-18; missing submissions are censored, not failures"
nvfp4_flashinfer_validation,20261003T233946.145732Z,3,8.167,"Observed before stop-at-18; missing submissions are censored, not failures"
nvfp4_flashinfer_validation,20261003T233946.145732Z,4,14.431,"Observed before stop-at-18; missing submissions are censored, not failures"
nvfp4_flashinfer_validation,20261003T233946.145732Z,5,34.295,"Observed before stop-at-18; missing submissions are censored, not failures"
nvfp4_flashinfer_validation,20261003T233946.145732Z,6,9.808,"Observed before stop-at-18; missing submissions are censored, not failures"
nvfp4_flashinfer_validation,20261003T233946.145732Z,7,,"Observed before stop-at-18; missing submissions are censored, not failures"
nvfp4_flashinfer_validation,20261003T233946.145732Z,8,15.569,"Observed before stop-at-18; missing submissions are censored, not failures"
nvfp4_flashinfer_validation,20261003T233946.145732Z,9,,"Observed before stop-at-18; missing submissions are censored, not failures"
nvfp4_flashinfer_validation,20261003T233946.145732Z,10,,"Observed before stop-at-18; missing submissions are censored, not failures"
nvfp4_flashinfer_validation,20261003T233946.145732Z,11,,"Observed before stop-at-18; missing submissions are censored, not failures"
nvfp4_flashinfer_validation,20261003T233946.145732Z,12,60.346,"Observed before stop-at-18; missing submissions are censored, not failures"
nvfp4_flashinfer_validation,20261003T233946.145732Z,13,,"Observed before stop-at-18; missing submissions are censored, not failures"
nvfp4_flashinfer_validation,20261003T233946.145732Z,14,,"Observed before stop-at-18; missing submissions are censored, not failures"
nvfp4_flashinfer_validation,20261003T233946.145732Z,15,,"Observed before stop-at-18; missing submissions are censored, not failures"
nvfp4_flashinfer_validation,20261003T233946.145732Z,16,13.751,"Observed before stop-at-18; missing submissions are censored, not failures"
nvfp4_flashinfer_validation,20261003T233946.145732Z,17,4.693,"Observed before stop-at-18; missing submissions are censored, not failures"
nvfp4_flashinfer_validation,20261003T233946.145732Z,18,63.506,"Observed before stop-at-18; missing submissions are censored, not failures"
nvfp4_flashinfer_validation,20261003T233946.145732Z,19,37.957,"Observed before stop-at-18; missing submissions are censored, not failures"
nvfp4_flashinfer_validation,20261003T233946.145732Z,20,,"Observed before stop-at-18; missing submissions are censored, not failures"
nvfp4_flashinfer_validation,20261003T233946.145732Z,21,38.723,"Observed before stop-at-18; missing submissions are censored, not failures"
nvfp4_flashinfer_validation,20261003T233946.145732Z,22,18.58,"Observed before stop-at-18; missing submissions are censored, not failures"
nvfp4_flashinfer_validation,20261003T233946.145732Z,23,,"Observed before stop-at-18; missing submissions are censored, not failures"
nvfp4_flashinfer_validation,20261003T233946.145732Z,24,35.986,"Observed before stop-at-18; missing submissions are censored, not failures"
nvfp4_flashinfer_validation,20261003T233946.145732Z,25,24.09,"Observed before stop-at-18; missing submissions are censored, not failures"
nvfp4_flashinfer_validation,20261003T233946.145732Z,26,35.359,"Observed before stop-at-18; missing submissions are censored, not failures"
nvfp4_flashinfer_validation,20261003T233946.145732Z,27,35.741,"Observed before stop-at-18; missing submissions are censored, not failures"
nvfp4_flashinfer_validation,20261003T233946.145732Z,28,,"Observed before stop-at-18; missing submissions are censored, not failures"
nvfp4_flashinfer_validation,20261003T233946.145732Z,29,,"Observed before stop-at-18; missing submissions are censored, not failures"
nvfp4_flashinfer_validation,20261003T233946.145732Z,30,,"Observed before stop-at-18; missing submissions are censored, not failures"
nvfp4_flashinfer_validation,20261003T234116.410095Z,1,4.823,"Observed before stop-at-18; missing submissions are censored, not failures"
nvfp4_flashinfer_validation,20261003T234116.410095Z,2,36.765,"Observed before stop-at-18; missing submissions are censored, not failures"
nvfp4_flashinfer_validation,20261003T234116.410095Z,3,9.259,"Observed before stop-at-18; missing submissions are censored, not failures"
nvfp4_flashinfer_validation,20261003T234116.410095Z,4,19.202,"Observed before stop-at-18; missing submissions are censored, not failures"
nvfp4_flashinfer_validation,20261003T234116.410095Z,5,29.043,"Observed before stop-at-18; missing submissions are censored, not failures"
nvfp4_flashinfer_validation,20261003T234116.410095Z,6,12.814,"Observed before stop-at-18; missing submissions are censored, not failures"
nvfp4_flashinfer_validation,20261003T234116.410095Z,7,,"Observed before stop-at-18; missing submissions are censored, not failures"
nvfp4_flashinfer_validation,20261003T234116.410095Z,8,15.152,"Observed before stop-at-18; missing submissions are censored, not failures"
nvfp4_flashinfer_validation,20261003T234116.410095Z,9,,"Observed before stop-at-18; missing submissions are censored, not failures"
nvfp4_flashinfer_validation,20261003T234116.410095Z,10,,"Observed before stop-at-18; missing submissions are censored, not failures"
nvfp4_flashinfer_validation,20261003T234116.410095Z,11,,"Observed before stop-at-18; missing submissions are censored, not failures"
nvfp4_flashinfer_validation,20261003T234116.410095Z,12,46.229,"Observed before stop-at-18; missing submissions are censored, not failures"
nvfp4_flashinfer_validation,20261003T234116.410095Z,13,,"Observed before stop-at-18; missing submissions are censored, not failures"
nvfp4_flashinfer_validation,20261003T234116.410095Z,14,,"Observed before stop-at-18; missing submissions are censored, not failures"
nvfp4_flashinfer_validation,20261003T234116.410095Z,15,,"Observed before stop-at-18; missing submissions are censored, not failures"
nvfp4_flashinfer_validation,20261003T234116.410095Z,16,11.982,"Observed before stop-at-18; missing submissions are censored, not failures"
nvfp4_flashinfer_validation,20261003T234116.410095Z,17,7.445,"Observed before stop-at-18; missing submissions are censored, not failures"
nvfp4_flashinfer_validation,20261003T234116.410095Z,18,56.312,"Observed before stop-at-18; missing submissions are censored, not failures"
nvfp4_flashinfer_validation,20261003T234116.410095Z,19,12.604,"Observed before stop-at-18; missing submissions are censored, not failures"
nvfp4_flashinfer_validation,20261003T234116.410095Z,20,,"Observed before stop-at-18; missing submissions are censored, not failures"
nvfp4_flashinfer_validation,20261003T234116.410095Z,21,22.497,"Observed before stop-at-18; missing submissions are censored, not failures"
nvfp4_flashinfer_validation,20261003T234116.410095Z,22,16.342,"Observed before stop-at-18; missing submissions are censored, not failures"
nvfp4_flashinfer_validation,20261003T234116.410095Z,23,,"Observed before stop-at-18; missing submissions are censored, not failures"
nvfp4_flashinfer_validation,20261003T234116.410095Z,24,26.582,"Observed before stop-at-18; missing submissions are censored, not failures"
nvfp4_flashinfer_validation,20261003T234116.410095Z,25,11.262,"Observed before stop-at-18; missing submissions are censored, not failures"
nvfp4_flashinfer_validation,20261003T234116.410095Z,26,45.847,"Observed before stop-at-18; missing submissions are censored, not failures"
nvfp4_flashinfer_validation,20261003T234116.410095Z,27,27.902,"Observed before stop-at-18; missing submissions are censored, not failures"
nvfp4_flashinfer_validation,20261003T234116.410095Z,28,,"Observed before stop-at-18; missing submissions are censored, not failures"
nvfp4_flashinfer_validation,20261003T234116.410095Z,29,,"Observed before stop-at-18; missing submissions are censored, not failures"
nvfp4_flashinfer_validation,20261003T234116.410095Z,30,,"Observed before stop-at-18; missing submissions are censored, not failures"
nvfp4_flashinfer_validation,20261003T234218.148913Z,1,4.825,"Observed before stop-at-18; missing submissions are censored, not failures"
nvfp4_flashinfer_validation,20261003T234218.148913Z,2,50.74,"Observed before stop-at-18; missing submissions are censored, not failures"
nvfp4_flashinfer_validation,20261003T234218.148913Z,3,9.261,"Observed before stop-at-18; missing submissions are censored, not failures"
nvfp4_flashinfer_validation,20261003T234218.148913Z,4,19.206,"Observed before stop-at-18; missing submissions are censored, not failures"
nvfp4_flashinfer_validation,20261003T234218.148913Z,5,29.054,"Observed before stop-at-18; missing submissions are censored, not failures"
nvfp4_flashinfer_validation,20261003T234218.148913Z,6,12.817,"Observed before stop-at-18; missing submissions are censored, not failures"
nvfp4_flashinfer_validation,20261003T234218.148913Z,7,,"Observed before stop-at-18; missing submissions are censored, not failures"
nvfp4_flashinfer_validation,20261003T234218.148913Z,8,15.156,"Observed before stop-at-18; missing submissions are censored, not failures"
nvfp4_flashinfer_validation,20261003T234218.148913Z,9,,"Observed before stop-at-18; missing submissions are censored, not failures"
nvfp4_flashinfer_validation,20261003T234218.148913Z,10,,"Observed before stop-at-18; missing submissions are censored, not failures"
nvfp4_flashinfer_validation,20261003T234218.148913Z,11,,"Observed before stop-at-18; missing submissions are censored, not failures"
nvfp4_flashinfer_validation,20261003T234218.148913Z,12,,"Observed before stop-at-18; missing submissions are censored, not failures"
nvfp4_flashinfer_validation,20261003T234218.148913Z,13,,"Observed before stop-at-18; missing submissions are censored, not failures"
nvfp4_flashinfer_validation,20261003T234218.148913Z,14,,"Observed before stop-at-18; missing submissions are censored, not failures"
nvfp4_flashinfer_validation,20261003T234218.148913Z,15,,"Observed before stop-at-18; missing submissions are censored, not failures"
nvfp4_flashinfer_validation,20261003T234218.148913Z,16,11.984,"Observed before stop-at-18; missing submissions are censored, not failures"
nvfp4_flashinfer_validation,20261003T234218.148913Z,17,7.447,"Observed before stop-at-18; missing submissions are censored, not failures"
nvfp4_flashinfer_validation,20261003T234218.148913Z,18,56.021,"Observed before stop-at-18; missing submissions are censored, not failures"
nvfp4_flashinfer_validation,20261003T234218.148913Z,19,12.607,"Observed before stop-at-18; missing submissions are censored, not failures"
nvfp4_flashinfer_validation,20261003T234218.148913Z,20,,"Observed before stop-at-18; missing submissions are censored, not failures"
nvfp4_flashinfer_validation,20261003T234218.148913Z,21,22.504,"Observed before stop-at-18; missing submissions are censored, not failures"
nvfp4_flashinfer_validation,20261003T234218.148913Z,22,16.345,"Observed before stop-at-18; missing submissions are censored, not failures"
nvfp4_flashinfer_validation,20261003T234218.148913Z,23,83.571,"Observed before stop-at-18; missing submissions are censored, not failures"
nvfp4_flashinfer_validation,20261003T234218.148913Z,24,26.592,"Observed before stop-at-18; missing submissions are censored, not failures"
nvfp4_flashinfer_validation,20261003T234218.148913Z,25,11.263,"Observed before stop-at-18; missing submissions are censored, not failures"
nvfp4_flashinfer_validation,20261003T234218.148913Z,26,62.973,"Observed before stop-at-18; missing submissions are censored, not failures"
nvfp4_flashinfer_validation,20261003T234218.148913Z,27,27.913,"Observed before stop-at-18; missing submissions are censored, not failures"
nvfp4_flashinfer_validation,20261003T234218.148913Z,28,,"Observed before stop-at-18; missing submissions are censored, not failures"
nvfp4_flashinfer_validation,20261003T234218.148913Z,29,,"Observed before stop-at-18; missing submissions are censored, not failures"
nvfp4_flashinfer_validation,20261003T234218.148913Z,30,,"Observed before stop-at-18; missing submissions are censored, not failures"
