group,batch,trial,role,attempt_id,official_started_at_utc,first_client_submit_s,first_grader_pick_s,first_submit_question,first_submit_correct,first_submit_timestamp,first_submit_evidence,grader_service_s,grader_idle_s,wrong_checks,time_to_18_s,initial_ttft_median_s,initial_decode_rate_median_tok_s,question_1_decode_rate_tok_s,source_commit
bf16_flash_attn,bf16-best-warm-replicate-20261003T224038Z,1,scored,20261003T224137.318281Z,2026-10-03T22:41:38.229+00:00,5.028,5.033861875534058,1,True,2026-10-03T22:41:43.257+00:00,aime-bench/attempts/20261003T224137.318281Z/trace/01/verification.jsonl,63.00234603881836,49.130244970321655,3,117.16710380697623,0.16808510600822046,113.6447279742664,129.63515431062143,98e7dff2f457a7bfaabb62993b1a12811d00b37b
bf16_flash_attn,bf16-best-warm-replicate-20261003T224038Z,2,scored,20261003T224337.444734Z,2026-10-03T22:43:38.281+00:00,7.555,7.560666084289551,1,True,2026-10-03T22:43:45.836+00:00,aime-bench/attempts/20261003T224337.444734Z/trace/01/verification.jsonl,60.00230860710144,66.95427441596985,2,134.51945366401924,0.16002003449830227,112.03244001284503,128.10501115453152,98e7dff2f457a7bfaabb62993b1a12811d00b37b
bf16_flash_attn,bf16-best-warm-replicate-20261003T224038Z,3,scored,20261003T224555.051695Z,2026-10-03T22:45:55.888+00:00,7.557,7.562630891799927,1,True,2026-10-03T22:46:03.445+00:00,aime-bench/attempts/20261003T224555.051695Z/trace/01/verification.jsonl,60.00234007835388,68.08791494369507,2,135.65415808197577,0.15999227200518362,111.88863090046178,128.05838051102256,98e7dff2f457a7bfaabb62993b1a12811d00b37b
nvfp4_flash_attn,nvfp4-best-warm-replicate-20261003T224630Z,1,scored,20261003T225721.655059Z,2026-10-03T22:57:22.463+00:00,4.125,4.1283509731292725,17,True,2026-10-03T22:57:26.588+00:00,aime-bench/attempts/20261003T225721.655059Z/trace/17/verification.jsonl,60.00236463546753,51.27087330818176,2,115.40267900400795,0.21794188997591846,138.0939408451764,158.20375938930826,499502398f9649e79fd1da07f65e3371ce18de99
nvfp4_flash_attn,nvfp4-best-warm-replicate-20261003T224630Z,2,scored,20261003T225920.250528Z,2026-10-03T22:59:21.040+00:00,4.662,4.66772198677063,1,True,2026-10-03T22:59:25.702+00:00,aime-bench/attempts/20261003T225920.250528Z/trace/01/verification.jsonl,60.002347230911255,31.99855089187622,2,96.66871280298801,0.19886151899117976,135.81471263211577,160.0154884661094,499502398f9649e79fd1da07f65e3371ce18de99
nvfp4_flash_attn,nvfp4-best-warm-replicate-20261003T224630Z,3,scored,20261003T230059.890071Z,2026-10-03T23:01:00.680+00:00,4.66,4.665585041046143,1,True,2026-10-03T23:01:05.340+00:00,aime-bench/attempts/20261003T230059.890071Z/trace/01/verification.jsonl,60.00252389907837,31.996881008148193,2,96.66657860501437,0.19827689352678135,135.77898721231003,160.0632560719679,499502398f9649e79fd1da07f65e3371ce18de99
nvfp4_flashinfer_development,nvfp4-flashinfer-best-replicate-20261003T233008Z,1,scored,20261003T233132.790330Z,2026-10-03T23:31:37.231+00:00,6.493,6.499066114425659,1,True,2026-10-03T23:31:43.724+00:00,aime-bench/attempts/20261003T233132.790330Z/trace/01/verification.jsonl,54.002174377441406,37.82376456260681,0,98.32661871000892,3.5101481430174317,143.04793986082296,135.3474793289804,a359a0aca14fc864bf5bff43f1f39f513caf9ace
nvfp4_flashinfer_development,nvfp4-flashinfer-best-replicate-20261003T233008Z,2,scored,20261003T233317.639206Z,2026-10-03T23:33:18.426+00:00,4.834,4.83958888053894,1,True,2026-10-03T23:33:23.260+00:00,aime-bench/attempts/20261003T233317.639206Z/trace/01/verification.jsonl,57.00201916694641,2.61098575592041,1,64.45259054499911,0.1980785299965646,146.93852764207014,169.49978456406737,a359a0aca14fc864bf5bff43f1f39f513caf9ace
nvfp4_flashinfer_development,nvfp4-flashinfer-best-replicate-20261003T233008Z,3,scored,20261003T233424.568380Z,2026-10-03T23:34:25.357+00:00,4.917,4.922897815704346,1,True,2026-10-03T23:34:30.274+00:00,aime-bench/attempts/20261003T233424.568380Z/trace/01/verification.jsonl,57.00196027755737,2.4733128547668457,1,64.39872194494819,0.24019761552335694,146.94291385322325,169.51648471330412,a359a0aca14fc864bf5bff43f1f39f513caf9ace
nvfp4_flashinfer_validation,nvfp4-flashinfer-validation-20261003T233628Z,1,settling,20261003T233726.660316Z,2026-10-03T23:37:27.480+00:00,3.199,3.2044589519500732,1,True,2026-10-03T23:37:30.679+00:00,aime-bench/attempts/20261003T233726.660316Z/trace/01/verification.jsonl,63.002790451049805,69.84074759483337,3,136.048130856012,0.24846236500889063,144.98979725145085,171.89284676083355,eff9c78446c44eb8fcc19cb4352842a526981226
nvfp4_flashinfer_validation,nvfp4-flashinfer-validation-20261003T233628Z,2,scored,20261003T233946.145732Z,2026-10-03T23:39:46.932+00:00,4.693,4.69628119468689,17,True,2026-10-03T23:39:51.625+00:00,aime-bench/attempts/20261003T233946.145732Z/trace/17/verification.jsonl,57.00241756439209,25.657186269760132,1,87.35640389600303,0.17124620548565872,146.28749409900442,168.25152694613547,eff9c78446c44eb8fcc19cb4352842a526981226
nvfp4_flashinfer_validation,nvfp4-flashinfer-validation-20261003T233628Z,3,scored,20261003T234116.410095Z,2026-10-03T23:41:17.193+00:00,4.823,4.828655004501343,1,True,2026-10-03T23:41:22.016+00:00,aime-bench/attempts/20261003T234116.410095Z/trace/01/verification.jsonl,54.002840995788574,0.483400821685791,0,59.315726654022,0.1967921839968767,147.2022591931327,169.74725253164266,eff9c78446c44eb8fcc19cb4352842a526981226
nvfp4_flashinfer_validation,nvfp4-flashinfer-validation-20261003T233628Z,4,scored,20261003T234218.148913Z,2026-10-03T23:42:18.935+00:00,4.825,4.830955982208252,1,True,2026-10-03T23:42:23.760+00:00,aime-bench/attempts/20261003T234218.148913Z/trace/01/verification.jsonl,54.002124309539795,27.73942279815674,0,86.57378545898246,0.19853087401133962,146.52176581517568,169.7935966381436,eff9c78446c44eb8fcc19cb4352842a526981226
